node_id,author_channel_id,handle_autor,videos_distintos_comentados,total_comentarios,grado_proyeccion,grado_ponderado_proyeccion,intermediacion,cercania,pagerank,es_punto_articulacion_mayor,rol_estructural
author::UCHTGCgY2l-DQJIvlA_cpa_Q,UCHTGCgY2l-DQJIvlA_cpa_Q,@virgiliogarcia3039,2,3,145,145,0.2390216363026032,0.5169102267911581,0.005243132694827842,True,Autor puente estructural (corte inter-comunidad)
author::UCpsKOkt5iWTbenzeuq7dsmQ,UCpsKOkt5iWTbenzeuq7dsmQ,@inge_vergueta,3,3,183,184,0.2202830883377316,0.541408341804957,0.00733003416017253,True,Autor puente estructural (corte inter-comunidad)
author::UCzZ6dDCEsLMXbc5pCFXIprw,UCzZ6dDCEsLMXbc5pCFXIprw,@josegil3813,2,2,49,49,0.18266044127071318,0.3727150411773113,0.0050979354025684495,True,Autor puente estructural (corte inter-comunidad)
author::UCylqlpsh8ENNM1LqgQ1KbxA,UCylqlpsh8ENNM1LqgQ1KbxA,@Jel.Awesh.M,2,3,174,175,0.09364643412981781,0.5077207116482041,0.005727961087341258,False,Autor recurrente multividal
author::UCjZgFEowMBrsjodqfovzdKw,UCjZgFEowMBrsjodqfovzdKw,@franciscoflores3120,2,2,43,43,0.05778632243889041,0.27427889584836956,0.005323075459191375,True,Autor puente estructural (corte inter-comunidad)
author::UCvcu1kR8xMYy_I1Ty-2mV2Q,UCvcu1kR8xMYy_I1Ty-2mV2Q,@hashojea7348,3,4,28,29,0.057401812688821684,0.35149895421798744,0.006193584266399186,True,Autor puente estructural (corte inter-comunidad)
author::UCbrtvygfRT6QXqWDNrOf-cA,UCbrtvygfRT6QXqWDNrOf-cA,@Alejandro00710,2,2,23,24,0.032683328755836266,0.34881575609418597,0.004537389467839012,False,Autor recurrente multividal
author::UCsUCN0Yq_UyTvKjOJLmNrnQ,UCsUCN0Yq_UyTvKjOJLmNrnQ,@moisesvaldez4043,2,2,133,133,0.02955537245567456,0.4597068817740278,0.004680699718536436,True,Autor puente estructural (corte inter-comunidad)
author::UCdFlugHJJa4l3YqWuNRmvXw,UCdFlugHJJa4l3YqWuNRmvXw,@MarcosCarillo-b1r,2,2,54,54,0.02955537245567456,0.3586724022632525,0.004416353688681809,True,Autor puente estructural (corte inter-comunidad)
author::UCCUmP4PlbwgikVFpYwbtRTg,UCCUmP4PlbwgikVFpYwbtRTg,@alhvi,1,1,15,15,4.776518634393323e-06,0.2510706815842767,0.003038650949471555,False,Comentador intra-video
author::UCOY3XpD9qMCRSA8AA8c4CAw,UCOY3XpD9qMCRSA8AA8c4CAw,@franciscorodas9686,1,1,15,15,4.776518634393323e-06,0.2510706815842767,0.003038650949471555,False,Comentador intra-video
author::UCTTILH6QCIxbTnEWxwRqs1g,UCTTILH6QCIxbTnEWxwRqs1g,@3762Jorge,1,1,15,15,4.776518634393323e-06,0.2510706815842767,0.003038650949471555,False,Comentador intra-video
author::UCXO1BBohNWXkK9SBDAG2ySg,UCXO1BBohNWXkK9SBDAG2ySg,@JBFlute92,1,1,15,15,4.776518634393323e-06,0.2510706815842767,0.003038650949471555,False,Comentador intra-video
author::UCXVLc8CmAO813ubM-fLvCDw,UCXVLc8CmAO813ubM-fLvCDw,@herminiasaquimux7565,1,1,15,15,4.776518634393323e-06,0.2510706815842767,0.003038650949471555,False,Comentador intra-video
author::UCXl30Y_upRqbti52fmjK4YA,UCXl30Y_upRqbti52fmjK4YA,@capitanfrans,1,1,15,15,4.776518634393323e-06,0.2510706815842767,0.003038650949471555,False,Comentador intra-video
author::UCcFIBN-rtC3d3hXeuN5TfWw,UCcFIBN-rtC3d3hXeuN5TfWw,@DenisRMC,1,1,15,15,4.776518634393323e-06,0.2510706815842767,0.003038650949471555,False,Comentador intra-video
author::UCc_F88PzGWtA1OPNUEASulA,UCc_F88PzGWtA1OPNUEASulA,@rockyscarlet,1,1,15,15,4.776518634393323e-06,0.2510706815842767,0.003038650949471555,False,Comentador intra-video
author::UCdQAuWwyC99MB7Y02Umj26Q,UCdQAuWwyC99MB7Y02Umj26Q,@miguelbran1268,1,1,15,15,4.776518634393323e-06,0.2510706815842767,0.003038650949471555,False,Comentador intra-video
author::UCefAH1MbvADWUjE9WVcB9EQ,UCefAH1MbvADWUjE9WVcB9EQ,@jabriz8152,1,1,15,15,4.776518634393323e-06,0.2510706815842767,0.003038650949471555,False,Comentador intra-video
author::UChT7pzGytNd92Nmvi-zuWog,UChT7pzGytNd92Nmvi-zuWog,@sparkvalkov,1,1,15,15,4.776518634393323e-06,0.2510706815842767,0.003038650949471555,False,Comentador intra-video
author::UCkxdJ_yGN2gghOMo2ybQtXQ,UCkxdJ_yGN2gghOMo2ybQtXQ,@11223344An,1,1,15,15,4.776518634393323e-06,0.2510706815842767,0.003038650949471555,False,Comentador intra-video
author::UCwEe1RKlEv1UpNWmWYfSh4w,UCwEe1RKlEv1UpNWmWYfSh4w,@marioramirez299,1,1,15,15,4.776518634393323e-06,0.2510706815842767,0.003038650949471555,False,Comentador intra-video
author::UCxcoDvP-g2_KTZDmVZtvb3w,UCxcoDvP-g2_KTZDmVZtvb3w,@angelmartinez9523,1,1,15,15,4.776518634393323e-06,0.2510706815842767,0.003038650949471555,False,Comentador intra-video
author::UC5wuDq3U3vRAhOQI3D7gNdw,UC5wuDq3U3vRAhOQI3D7gNdw,@allanreneramirezgonzalez534,1,1,9,9,4.776518634393323e-06,0.34151617375439736,0.0019228331088015495,False,Comentador intra-video
author::UCJp3OrVYcBorC94sKwdch_A,UCJp3OrVYcBorC94sKwdch_A,@ULJoshmg2011,1,1,9,9,4.776518634393323e-06,0.34151617375439736,0.0019228331088015495,False,Comentador intra-video
author::UCVC2QugcI1G4RvlCiUqd1aQ,UCVC2QugcI1G4RvlCiUqd1aQ,@rwdm76,1,2,9,9,4.776518634393323e-06,0.34151617375439736,0.0019228331088015495,False,Comentador intra-video
author::UCZOmq6MwFDVoCaEl99BRRaw,UCZOmq6MwFDVoCaEl99BRRaw,@daniloarevalo3170,1,1,9,9,4.776518634393323e-06,0.34151617375439736,0.0019228331088015495,False,Comentador intra-video
author::UC_6KbBY1bsYXz9fwFS0eQRg,UC_6KbBY1bsYXz9fwFS0eQRg,@imrcp5694,1,1,9,9,4.776518634393323e-06,0.34151617375439736,0.0019228331088015495,False,Comentador intra-video
author::UCjJf-AJKRFFWtiN-CSwkDmA,UCjJf-AJKRFFWtiN-CSwkDmA,@2jose82,1,1,9,9,4.776518634393323e-06,0.34151617375439736,0.0019228331088015495,False,Comentador intra-video
author::UCnU8wO1OurAmGstDw6VGjgQ,UCnU8wO1OurAmGstDw6VGjgQ,@cmorera21,1,1,9,9,4.776518634393323e-06,0.34151617375439736,0.0019228331088015495,False,Comentador intra-video
author::UC-hfX8J5JPJ-dfuakzegMLA,UC-hfX8J5JPJ-dfuakzegMLA,@normaleticiaorozcojuarez2418,1,1,127,127,3.0516646830846214e-06,0.45422330067930783,0.003268711512314818,False,Comentador intra-video
author::UC-jS_kA9w-OmpupXDx156Rg,UC-jS_kA9w-OmpupXDx156Rg,@simoncreyesc7579,1,1,127,127,3.0516646830846214e-06,0.45422330067930783,0.003268711512314818,False,Comentador intra-video
author::UC-pNP6RMFuLg_-x7Ah_0kEA,UC-pNP6RMFuLg_-x7Ah_0kEA,@almacatalan2717,1,1,127,127,3.0516646830846214e-06,0.45422330067930783,0.003268711512314818,False,Comentador intra-video
author::UC1vr9aaMI2crB0NvwFHUeoQ,UC1vr9aaMI2crB0NvwFHUeoQ,@JoseSimilox-p6e,1,1,127,127,3.0516646830846214e-06,0.45422330067930783,0.003268711512314818,False,Comentador intra-video
author::UC2Y_EHWQKevubk4vOEBBFxw,UC2Y_EHWQKevubk4vOEBBFxw,@alfonsomorales2653,1,1,127,127,3.0516646830846214e-06,0.45422330067930783,0.003268711512314818,False,Comentador intra-video
author::UC2weSE8rpqkGMOp6StYtVfg,UC2weSE8rpqkGMOp6StYtVfg,@katerynsantiago2907,1,1,127,127,3.0516646830846214e-06,0.45422330067930783,0.003268711512314818,False,Comentador intra-video
author::UC3E9mAgP7VoAE5mZoAexl5g,UC3E9mAgP7VoAE5mZoAexl5g,@EnnioAroche,1,1,127,127,3.0516646830846214e-06,0.45422330067930783,0.003268711512314818,False,Comentador intra-video
author::UC3MYTqpQqlWBuCB7Th0e0PA,UC3MYTqpQqlWBuCB7Th0e0PA,@isaaclopez7220,1,1,127,127,3.0516646830846214e-06,0.45422330067930783,0.003268711512314818,False,Comentador intra-video
author::UC3NMzdMYryaw82kPTnsaljg,UC3NMzdMYryaw82kPTnsaljg,@marisosa7832,1,1,127,127,3.0516646830846214e-06,0.45422330067930783,0.003268711512314818,False,Comentador intra-video
author::UC3XTwHxygNCgjndsg-UiCQA,UC3XTwHxygNCgjndsg-UiCQA,@marioajset4283,1,3,127,127,3.0516646830846214e-06,0.45422330067930783,0.003268711512314818,False,Comentador intra-video
author::UC3qn1yJA5PeW9rkGPatQxiw,UC3qn1yJA5PeW9rkGPatQxiw,@VICTOREST19,1,1,127,127,3.0516646830846214e-06,0.45422330067930783,0.003268711512314818,False,Comentador intra-video
author::UC4cXueR2bKGFJV0Fk76gwmA,UC4cXueR2bKGFJV0Fk76gwmA,@aluxdel4792,1,1,127,127,3.0516646830846214e-06,0.45422330067930783,0.003268711512314818,False,Comentador intra-video
author::UC4wq3DcbfaG6dtCqn8Oyu3w,UC4wq3DcbfaG6dtCqn8Oyu3w,@hugoasencio7764,1,1,127,127,3.0516646830846214e-06,0.45422330067930783,0.003268711512314818,False,Comentador intra-video
author::UC5H8ASmMC9WrURmzeB4ySog,UC5H8ASmMC9WrURmzeB4ySog,@ManuelEdran,1,5,127,127,3.0516646830846214e-06,0.45422330067930783,0.003268711512314818,False,Comentador intra-video
author::UC5bG9nc_JV3FsNP2KseQiYw,UC5bG9nc_JV3FsNP2KseQiYw,@giovannirodas4836,1,1,127,127,3.0516646830846214e-06,0.45422330067930783,0.003268711512314818,False,Comentador intra-video
author::UC650pRT-OYzny3GwOH8Cgfw,UC650pRT-OYzny3GwOH8Cgfw,@edvinparedesherrera7632,1,1,127,127,3.0516646830846214e-06,0.45422330067930783,0.003268711512314818,False,Comentador intra-video
author::UC6PvO1_k5lHKGdAPo5_C6TA,UC6PvO1_k5lHKGdAPo5_C6TA,@johnmejia992,1,1,127,127,3.0516646830846214e-06,0.45422330067930783,0.003268711512314818,False,Comentador intra-video
author::UC6YSZqL0vEcI-niPKIMUGfw,UC6YSZqL0vEcI-niPKIMUGfw,@maxwellsales885,1,1,127,127,3.0516646830846214e-06,0.45422330067930783,0.003268711512314818,False,Comentador intra-video
author::UC72gBAtyb_VXQlYDcFrh6oQ,UC72gBAtyb_VXQlYDcFrh6oQ,@osmanmorales3012,1,3,127,127,3.0516646830846214e-06,0.45422330067930783,0.003268711512314818,False,Comentador intra-video
author::UC7VUuJr9cGh845CmTvf7TlQ,UC7VUuJr9cGh845CmTvf7TlQ,@LuisCastillo-oz4df,1,1,127,127,3.0516646830846214e-06,0.45422330067930783,0.003268711512314818,False,Comentador intra-video
author::UC8F2V63KZ4ZEay6opX2hAQw,UC8F2V63KZ4ZEay6opX2hAQw,@carmenr6311,1,1,127,127,3.0516646830846214e-06,0.45422330067930783,0.003268711512314818,False,Comentador intra-video
author::UC8G5cJONY8L9voMyBW8Eoug,UC8G5cJONY8L9voMyBW8Eoug,@luisparedes-pw6qt,1,1,127,127,3.0516646830846214e-06,0.45422330067930783,0.003268711512314818,False,Comentador intra-video
author::UC8r11yOugM2NuRfitQOxLLg,UC8r11yOugM2NuRfitQOxLLg,@cesaraugustomoralesmonroy6907,1,1,127,127,3.0516646830846214e-06,0.45422330067930783,0.003268711512314818,False,Comentador intra-video
author::UC9vMq1YF-e7C-VO0SHkbUTA,UC9vMq1YF-e7C-VO0SHkbUTA,@ErvinLeonardoCarreraLatín,1,4,127,127,3.0516646830846214e-06,0.45422330067930783,0.003268711512314818,False,Comentador intra-video
author::UC9xr9QvIcDvoZNUX5f-jaZw,UC9xr9QvIcDvoZNUX5f-jaZw,@MariaaliciaColonmorales,1,1,127,127,3.0516646830846214e-06,0.45422330067930783,0.003268711512314818,False,Comentador intra-video
author::UCA93ym2TXs_Ibyxb4Vcn-6Q,UCA93ym2TXs_Ibyxb4Vcn-6Q,@oswaldosolis8728,1,1,127,127,3.0516646830846214e-06,0.45422330067930783,0.003268711512314818,False,Comentador intra-video
author::UCAlzM_N6xBlMYmM8EBzX86Q,UCAlzM_N6xBlMYmM8EBzX86Q,@carlossoto3252,1,1,127,127,3.0516646830846214e-06,0.45422330067930783,0.003268711512314818,False,Comentador intra-video
author::UCAmtbUiIrUIhikru0ZoTFig,UCAmtbUiIrUIhikru0ZoTFig,@Aura-vf6dm,1,1,127,127,3.0516646830846214e-06,0.45422330067930783,0.003268711512314818,False,Comentador intra-video
author::UCB5p8a5gklc80jJItP6xTHg,UCB5p8a5gklc80jJItP6xTHg,@ernestogamboa8737,1,1,127,127,3.0516646830846214e-06,0.45422330067930783,0.003268711512314818,False,Comentador intra-video
author::UCCaYwkkbQGcvFoUmothVdQQ,UCCaYwkkbQGcvFoUmothVdQQ,@OsvaldoAguirre-l3i,1,1,127,127,3.0516646830846214e-06,0.45422330067930783,0.003268711512314818,False,Comentador intra-video
author::UCDIMztpVm7G27qBuiWuT6oQ,UCDIMztpVm7G27qBuiWuT6oQ,@lizardomorataya8274,1,1,127,127,3.0516646830846214e-06,0.45422330067930783,0.003268711512314818,False,Comentador intra-video
author::UCDPWkUX3sNNaCx-m1dV4glA,UCDPWkUX3sNNaCx-m1dV4glA,@hectoroliva949,1,1,127,127,3.0516646830846214e-06,0.45422330067930783,0.003268711512314818,False,Comentador intra-video
author::UCDQaQv0hr2SS_PO-CMEwVHg,UCDQaQv0hr2SS_PO-CMEwVHg,@federicosaquimux1933,1,1,127,127,3.0516646830846214e-06,0.45422330067930783,0.003268711512314818,False,Comentador intra-video
author::UCDUffaruH6dyUnUGwsTKpgg,UCDUffaruH6dyUnUGwsTKpgg,@luisletona2842,1,1,127,127,3.0516646830846214e-06,0.45422330067930783,0.003268711512314818,False,Comentador intra-video
author::UCDftMWXQoJ6nONfY7GVOVjg,UCDftMWXQoJ6nONfY7GVOVjg,@luisgpacheco5858,1,1,127,127,3.0516646830846214e-06,0.45422330067930783,0.003268711512314818,False,Comentador intra-video
author::UCDlr1VadSucIZgZ171pRBjQ,UCDlr1VadSucIZgZ171pRBjQ,@cuabatzjj5924,1,1,127,127,3.0516646830846214e-06,0.45422330067930783,0.003268711512314818,False,Comentador intra-video
author::UCEgEQmRbtL5fwr9_DqAC--g,UCEgEQmRbtL5fwr9_DqAC--g,@ArielRodas-g5y,1,1,127,127,3.0516646830846214e-06,0.45422330067930783,0.003268711512314818,False,Comentador intra-video
author::UCErZPJpHmLCsXs8ZWkAUupQ,UCErZPJpHmLCsXs8ZWkAUupQ,@dorisl.garciaroche7763,1,1,127,127,3.0516646830846214e-06,0.45422330067930783,0.003268711512314818,False,Comentador intra-video
author::UCFUuDARXdmmIrLppEqf-rFg,UCFUuDARXdmmIrLppEqf-rFg,@allanmunoz7410,1,1,127,127,3.0516646830846214e-06,0.45422330067930783,0.003268711512314818,False,Comentador intra-video
author::UCFhxtoeARHPnXXPcDrOU3Xg,UCFhxtoeARHPnXXPcDrOU3Xg,@diegoalejandrolopezmendez205,1,1,127,127,3.0516646830846214e-06,0.45422330067930783,0.003268711512314818,False,Comentador intra-video
author::UCFjudnPLoaSL1BaRuLahyHg,UCFjudnPLoaSL1BaRuLahyHg,@HaroldoCastillo-rh9iw,1,3,127,127,3.0516646830846214e-06,0.45422330067930783,0.003268711512314818,False,Comentador intra-video
author::UCFoIAE8k82D6AV-8gjjKaNg,UCFoIAE8k82D6AV-8gjjKaNg,@eddymunoz9789,1,1,127,127,3.0516646830846214e-06,0.45422330067930783,0.003268711512314818,False,Comentador intra-video
author::UCFxE8GbokBrBsPEKM1xrOjQ,UCFxE8GbokBrBsPEKM1xrOjQ,@JuanDavila-qd7qj,1,1,127,127,3.0516646830846214e-06,0.45422330067930783,0.003268711512314818,False,Comentador intra-video
author::UCGzXwyCzMzGmjmCbH3Hg01Q,UCGzXwyCzMzGmjmCbH3Hg01Q,@FidelZacarias-ph7dy,1,1,127,127,3.0516646830846214e-06,0.45422330067930783,0.003268711512314818,False,Comentador intra-video
author::UCHhHUjaMAZ8SiXdCUCj9DkQ,UCHhHUjaMAZ8SiXdCUCj9DkQ,@fredymendez1786,1,2,127,127,3.0516646830846214e-06,0.45422330067930783,0.003268711512314818,False,Comentador intra-video
author::UCKDR0f2fu2UzWL8mBv5-BHw,UCKDR0f2fu2UzWL8mBv5-BHw,@mireyamorales6595,1,1,127,127,3.0516646830846214e-06,0.45422330067930783,0.003268711512314818,False,Comentador intra-video
author::UCL13XhnRzbGokEkCkEOb0-g,UCL13XhnRzbGokEkCkEOb0-g,@raquelprado3643,1,2,127,127,3.0516646830846214e-06,0.45422330067930783,0.003268711512314818,False,Comentador intra-video
author::UCL1MT278vSaQ83ZDkVWn1gw,UCL1MT278vSaQ83ZDkVWn1gw,@elmorodriguez6978,1,1,127,127,3.0516646830846214e-06,0.45422330067930783,0.003268711512314818,False,Comentador intra-video
author::UCLFdHr9BEbXHkoJopbEPLZw,UCLFdHr9BEbXHkoJopbEPLZw,@kanterra4584,1,2,127,127,3.0516646830846214e-06,0.45422330067930783,0.003268711512314818,False,Comentador intra-video
author::UCLggDc_a5HriXv7I1h02sOA,UCLggDc_a5HriXv7I1h02sOA,@guillermogonzalez5153,1,2,127,127,3.0516646830846214e-06,0.45422330067930783,0.003268711512314818,False,Comentador intra-video
author::UCN6qbfPSzFtjhqUDZ3Cv3CQ,UCN6qbfPSzFtjhqUDZ3Cv3CQ,@carlosmedranovelasquez6380,1,1,127,127,3.0516646830846214e-06,0.45422330067930783,0.003268711512314818,False,Comentador intra-video
author::UCNBnKqWf4d-rS4HwJRQljmQ,UCNBnKqWf4d-rS4HwJRQljmQ,@LE_A22,1,2,127,127,3.0516646830846214e-06,0.45422330067930783,0.003268711512314818,False,Comentador intra-video
author::UCNkcuy42zEwddwEcOd_HpnA,UCNkcuy42zEwddwEcOd_HpnA,@vanigomez492,1,1,127,127,3.0516646830846214e-06,0.45422330067930783,0.003268711512314818,False,Comentador intra-video
author::UCOLGv5Pf6BF2wFcwUzgcvHg,UCOLGv5Pf6BF2wFcwUzgcvHg,@welfrealdana5559,1,2,127,127,3.0516646830846214e-06,0.45422330067930783,0.003268711512314818,False,Comentador intra-video
author::UCOS8ViEkccrTZx2w2ccxotA,UCOS8ViEkccrTZx2w2ccxotA,@OscarHernandez-q8y,1,1,127,127,3.0516646830846214e-06,0.45422330067930783,0.003268711512314818,False,Comentador intra-video
author::UCOh6DaZC_x9HASnlRylEMfw,UCOh6DaZC_x9HASnlRylEMfw,@AndresMedina-v1s,1,1,127,127,3.0516646830846214e-06,0.45422330067930783,0.003268711512314818,False,Comentador intra-video
author::UCQ_-LPP8JAbfkc-b1Q6NvWw,UCQ_-LPP8JAbfkc-b1Q6NvWw,@MegaKristenstewart,1,2,127,127,3.0516646830846214e-06,0.45422330067930783,0.003268711512314818,False,Comentador intra-video
author::UCQgYjVngJRfPHDLGB5X6ZjA,UCQgYjVngJRfPHDLGB5X6ZjA,@oscarnavas9996,1,1,127,127,3.0516646830846214e-06,0.45422330067930783,0.003268711512314818,False,Comentador intra-video
author::UCQqetiwzzmRNTM5OWuXarGQ,UCQqetiwzzmRNTM5OWuXarGQ,@isaiaslopezvelasquez1539,1,1,127,127,3.0516646830846214e-06,0.45422330067930783,0.003268711512314818,False,Comentador intra-video
author::UCQtICyzWmhC5woCtbNgaSmg,UCQtICyzWmhC5woCtbNgaSmg,@nestormendez6216,1,2,127,127,3.0516646830846214e-06,0.45422330067930783,0.003268711512314818,False,Comentador intra-video
author::UCQtSFINs1h6GHkpg9o5kMvg,UCQtSFINs1h6GHkpg9o5kMvg,@MacarioMartinezruiz,1,1,127,127,3.0516646830846214e-06,0.45422330067930783,0.003268711512314818,False,Comentador intra-video
author::UCRETAiYdh2dL5ZxB0_N1zDA,UCRETAiYdh2dL5ZxB0_N1zDA,@Joseroland21,1,1,127,127,3.0516646830846214e-06,0.45422330067930783,0.003268711512314818,False,Comentador intra-video
author::UCRelkU8JiZBytTzebJxaa-w,UCRelkU8JiZBytTzebJxaa-w,@danyraymundo2942,1,1,127,127,3.0516646830846214e-06,0.45422330067930783,0.003268711512314818,False,Comentador intra-video
author::UCRlCV9zSn7avAWh-9_XFWqQ,UCRlCV9zSn7avAWh-9_XFWqQ,@ronyarana8849,1,1,127,127,3.0516646830846214e-06,0.45422330067930783,0.003268711512314818,False,Comentador intra-video
author::UCSou6a2OuYGSvPjm5psquyA,UCSou6a2OuYGSvPjm5psquyA,@FranciscoRivera-sf7ne,1,1,127,127,3.0516646830846214e-06,0.45422330067930783,0.003268711512314818,False,Comentador intra-video
author::UCTD6q1nyIe3Y7HhqjaMj72w,UCTD6q1nyIe3Y7HhqjaMj72w,@JuanChang-r6k,1,1,127,127,3.0516646830846214e-06,0.45422330067930783,0.003268711512314818,False,Comentador intra-video
author::UCTP3O0rMnc8z8v8jaDQwL0w,UCTP3O0rMnc8z8v8jaDQwL0w,@RobertoZelaya-x1v,1,1,127,127,3.0516646830846214e-06,0.45422330067930783,0.003268711512314818,False,Comentador intra-video
author::UCThW2XNsAaBKme5PUt7n-Zg,UCThW2XNsAaBKme5PUt7n-Zg,@thelmamoran8565,1,1,127,127,3.0516646830846214e-06,0.45422330067930783,0.003268711512314818,False,Comentador intra-video
author::UCTwSut16JyAg3mX6LVUNGqA,UCTwSut16JyAg3mX6LVUNGqA,@SuperVictor2005,1,1,127,127,3.0516646830846214e-06,0.45422330067930783,0.003268711512314818,False,Comentador intra-video
author::UCTylKrsqkrBKIqubMu_5N0Q,UCTylKrsqkrBKIqubMu_5N0Q,@edwingeovanymarroquinmarro6684,1,1,127,127,3.0516646830846214e-06,0.45422330067930783,0.003268711512314818,False,Comentador intra-video
author::UCUIIIPTVDVHAXqhC_5V6lPA,UCUIIIPTVDVHAXqhC_5V6lPA,@gorrarota,1,1,127,127,3.0516646830846214e-06,0.45422330067930783,0.003268711512314818,False,Comentador intra-video
author::UCV0iizTBoOfdAFX_thfI9BA,UCV0iizTBoOfdAFX_thfI9BA,@BenjaminLarios-jd8nk,1,1,127,127,3.0516646830846214e-06,0.45422330067930783,0.003268711512314818,False,Comentador intra-video
author::UCWIZUtKJ636y-4TYrNvok0g,UCWIZUtKJ636y-4TYrNvok0g,@cesarandreas7824,1,1,127,127,3.0516646830846214e-06,0.45422330067930783,0.003268711512314818,False,Comentador intra-video
author::UCXSkL3ejZ8qWYyF_M7s_QKA,UCXSkL3ejZ8qWYyF_M7s_QKA,@JacintaTzoy,1,1,127,127,3.0516646830846214e-06,0.45422330067930783,0.003268711512314818,False,Comentador intra-video
author::UCXXh7yg5KUFIWylTiKVEFKQ,UCXXh7yg5KUFIWylTiKVEFKQ,@MrDuenderojo,1,2,127,127,3.0516646830846214e-06,0.45422330067930783,0.003268711512314818,False,Comentador intra-video
author::UCXgr7vXlRrsaskPdo097kGA,UCXgr7vXlRrsaskPdo097kGA,@Rogergh-nw4oj,1,1,127,127,3.0516646830846214e-06,0.45422330067930783,0.003268711512314818,False,Comentador intra-video
author::UCXr8_5WtGeipe4haOoQDgyQ,UCXr8_5WtGeipe4haOoQDgyQ,@amyherrera7352,1,1,127,127,3.0516646830846214e-06,0.45422330067930783,0.003268711512314818,False,Comentador intra-video
author::UCYN4wSQ1Sx4_LurxLlW7MPg,UCYN4wSQ1Sx4_LurxLlW7MPg,@belarminavillatoro6474,1,1,127,127,3.0516646830846214e-06,0.45422330067930783,0.003268711512314818,False,Comentador intra-video
author::UCYwpX26TrCxq8TvbKGRYLXA,UCYwpX26TrCxq8TvbKGRYLXA,@beneficioelcaminovillacana8540,1,1,127,127,3.0516646830846214e-06,0.45422330067930783,0.003268711512314818,False,Comentador intra-video
author::UCZ51R_9Q9C0c8I3pAWhtmjQ,UCZ51R_9Q9C0c8I3pAWhtmjQ,@belvettzapeta1251,1,1,127,127,3.0516646830846214e-06,0.45422330067930783,0.003268711512314818,False,Comentador intra-video
author::UCZLG9qH0tUjNhEGFIUt0CYw,UCZLG9qH0tUjNhEGFIUt0CYw,@SoniaMarroquin-y6e,1,1,127,127,3.0516646830846214e-06,0.45422330067930783,0.003268711512314818,False,Comentador intra-video
author::UCcfdg8crmMJwEuLUsAhV7yg,UCcfdg8crmMJwEuLUsAhV7yg,@RolandoRaguay,1,1,127,127,3.0516646830846214e-06,0.45422330067930783,0.003268711512314818,False,Comentador intra-video
author::UCfM3nrxtTQMY5jFx1v1J4Gg,UCfM3nrxtTQMY5jFx1v1J4Gg,@edgarroldan5539,1,1,127,127,3.0516646830846214e-06,0.45422330067930783,0.003268711512314818,False,Comentador intra-video
author::UCgvw7xIdGFupzpt1Y_BFkEA,UCgvw7xIdGFupzpt1Y_BFkEA,@fredygarcia9151,1,1,127,127,3.0516646830846214e-06,0.45422330067930783,0.003268711512314818,False,Comentador intra-video
author::UCh5ESQvtzyHDhCA7XyekCFA,UCh5ESQvtzyHDhCA7XyekCFA,@andyB5280,1,3,127,127,3.0516646830846214e-06,0.45422330067930783,0.003268711512314818,False,Comentador intra-video
author::UChZknRmJkeGeQk0-mQuhDOg,UChZknRmJkeGeQk0-mQuhDOg,@OdilioRodríguez-c5w,1,1,127,127,3.0516646830846214e-06,0.45422330067930783,0.003268711512314818,False,Comentador intra-video
author::UChep9kVb5gQmpodEEl10Xlg,UChep9kVb5gQmpodEEl10Xlg,@carlosaguilar-kz7ml,1,1,127,127,3.0516646830846214e-06,0.45422330067930783,0.003268711512314818,False,Comentador intra-video
author::UChgkn5Jt5tWKYMoEOuCjz3Q,UChgkn5Jt5tWKYMoEOuCjz3Q,@pablochitay46,1,1,127,127,3.0516646830846214e-06,0.45422330067930783,0.003268711512314818,False,Comentador intra-video
author::UChs3tU2BcKOT0CezykvAsGw,UChs3tU2BcKOT0CezykvAsGw,@byronpontaza,1,3,127,127,3.0516646830846214e-06,0.45422330067930783,0.003268711512314818,False,Comentador intra-video
author::UCi1b_TRQfgO1Z9O2gNGGWNA,UCi1b_TRQfgO1Z9O2gNGGWNA,@davidisraelesquitsaquil,1,2,127,127,3.0516646830846214e-06,0.45422330067930783,0.003268711512314818,False,Comentador intra-video
author::UCiGRBf2RNF0WRKhRVT7zFoA,UCiGRBf2RNF0WRKhRVT7zFoA,@edwinavila4876,1,1,127,127,3.0516646830846214e-06,0.45422330067930783,0.003268711512314818,False,Comentador intra-video
author::UCiMythXHsw7eQEMykCdmMUA,UCiMythXHsw7eQEMykCdmMUA,@JavierBecerra-h6x,1,1,127,127,3.0516646830846214e-06,0.45422330067930783,0.003268711512314818,False,Comentador intra-video
author::UCipetjeiWj4CZB6EbyYziZg,UCipetjeiWj4CZB6EbyYziZg,@OseasSamayoa-ol5rz,1,1,127,127,3.0516646830846214e-06,0.45422330067930783,0.003268711512314818,False,Comentador intra-video
author::UCj-LL25XJnjxepPKCc3NGog,UCj-LL25XJnjxepPKCc3NGog,@anaaguirre8985,1,1,127,127,3.0516646830846214e-06,0.45422330067930783,0.003268711512314818,False,Comentador intra-video
author::UCjSKM9j0Q7HLDr1hD6D-TUw,UCjSKM9j0Q7HLDr1hD6D-TUw,@josehidalgo4875,1,1,127,127,3.0516646830846214e-06,0.45422330067930783,0.003268711512314818,False,Comentador intra-video
author::UCjmPuazZJzscrwvk0QR9RVw,UCjmPuazZJzscrwvk0QR9RVw,@mynorrodas8591,1,1,127,127,3.0516646830846214e-06,0.45422330067930783,0.003268711512314818,False,Comentador intra-video
author::UCkd9W714-947dEE6ZOEBATA,UCkd9W714-947dEE6ZOEBATA,@ARGELIATELON,1,2,127,127,3.0516646830846214e-06,0.45422330067930783,0.003268711512314818,False,Comentador intra-video
author::UCl0ekS9Tt0jJGtOEM18S63w,UCl0ekS9Tt0jJGtOEM18S63w,@monkchapin,1,1,127,127,3.0516646830846214e-06,0.45422330067930783,0.003268711512314818,False,Comentador intra-video
author::UCljDbleJul41G1TzOjOZAVA,UCljDbleJul41G1TzOjOZAVA,@hectorcarranza3777,1,1,127,127,3.0516646830846214e-06,0.45422330067930783,0.003268711512314818,False,Comentador intra-video
author::UCmjppp6ujz3SAnULvP3sZMw,UCmjppp6ujz3SAnULvP3sZMw,@marcomendez7509,1,1,127,127,3.0516646830846214e-06,0.45422330067930783,0.003268711512314818,False,Comentador intra-video
author::UCmvOgzmmXbjUthHy-WJ52hQ,UCmvOgzmmXbjUthHy-WJ52hQ,@mariorodas593,1,1,127,127,3.0516646830846214e-06,0.45422330067930783,0.003268711512314818,False,Comentador intra-video
author::UCp4iw5_5SmV9VGTFSNVGOmQ,UCp4iw5_5SmV9VGTFSNVGOmQ,@CARLOSSTREMS51,1,1,127,127,3.0516646830846214e-06,0.45422330067930783,0.003268711512314818,False,Comentador intra-video
author::UCpIdtvoFHVLGASGB5ySqIEA,UCpIdtvoFHVLGASGB5ySqIEA,@VidalVillatoro-p4w,1,1,127,127,3.0516646830846214e-06,0.45422330067930783,0.003268711512314818,False,Comentador intra-video
author::UCpl8rF8uv_8uui-QRvuJaRA,UCpl8rF8uv_8uui-QRvuJaRA,@SergioGarcia-z9c,1,1,127,127,3.0516646830846214e-06,0.45422330067930783,0.003268711512314818,False,Comentador intra-video
author::UCplrIQtaPj6au60_f2-mOYw,UCplrIQtaPj6au60_f2-mOYw,@romeolopezherrarte799,1,1,127,127,3.0516646830846214e-06,0.45422330067930783,0.003268711512314818,False,Comentador intra-video
author::UCr1emrogPKkKTs_WTtx71xg,UCr1emrogPKkKTs_WTtx71xg,@domingopeneleu6457,1,1,127,127,3.0516646830846214e-06,0.45422330067930783,0.003268711512314818,False,Comentador intra-video
author::UCrJn_rbo_ENAdeqneS-RmRw,UCrJn_rbo_ENAdeqneS-RmRw,@josecarrera9623,1,2,127,127,3.0516646830846214e-06,0.45422330067930783,0.003268711512314818,False,Comentador intra-video
author::UCsJJAvrVGupdmhOqgtDp8dg,UCsJJAvrVGupdmhOqgtDp8dg,@nestorlorenzana1168,1,1,127,127,3.0516646830846214e-06,0.45422330067930783,0.003268711512314818,False,Comentador intra-video
author::UCsSXdJct-nsS8DsABoEsaYA,UCsSXdJct-nsS8DsABoEsaYA,@IvánPérez-j4j,1,1,127,127,3.0516646830846214e-06,0.45422330067930783,0.003268711512314818,False,Comentador intra-video
author::UCsjs5Hp_r86x1xbK6FAeqaA,UCsjs5Hp_r86x1xbK6FAeqaA,@alvaroesquivel563,1,1,127,127,3.0516646830846214e-06,0.45422330067930783,0.003268711512314818,False,Comentador intra-video
author::UCtNfIBnc5S5DbbQj_yxgJTw,UCtNfIBnc5S5DbbQj_yxgJTw,@JosueRamirez-ey3ih,1,1,127,127,3.0516646830846214e-06,0.45422330067930783,0.003268711512314818,False,Comentador intra-video
author::UCtUR3_CAiE7fCoZHM6cMfyQ,UCtUR3_CAiE7fCoZHM6cMfyQ,@mdelcid01,1,1,127,127,3.0516646830846214e-06,0.45422330067930783,0.003268711512314818,False,Comentador intra-video
author::UCueV9cTyTDwgQSec1x2dYgA,UCueV9cTyTDwgQSec1x2dYgA,@fredydomingo7062,1,1,127,127,3.0516646830846214e-06,0.45422330067930783,0.003268711512314818,False,Comentador intra-video
author::UCujPF2nBgsTD62nWE3lcpIg,UCujPF2nBgsTD62nWE3lcpIg,@victorarturoruanobautista7588,1,1,127,127,3.0516646830846214e-06,0.45422330067930783,0.003268711512314818,False,Comentador intra-video
author::UCut6b9S98nv84cVX89PmKzA,UCut6b9S98nv84cVX89PmKzA,@yeniferaguirre4498,1,2,127,127,3.0516646830846214e-06,0.45422330067930783,0.003268711512314818,False,Comentador intra-video
author::UCvApqeCbLod-wejtT4CcVuA,UCvApqeCbLod-wejtT4CcVuA,@davidgaher9550,1,1,127,127,3.0516646830846214e-06,0.45422330067930783,0.003268711512314818,False,Comentador intra-video
author::UCwO2SXr0ggzwg6QWWrr01nQ,UCwO2SXr0ggzwg6QWWrr01nQ,@ricardofigueroa5720,1,1,127,127,3.0516646830846214e-06,0.45422330067930783,0.003268711512314818,False,Comentador intra-video
author::UCwW2OFy95P7ZBkOPxWkpvYg,UCwW2OFy95P7ZBkOPxWkpvYg,@TeresaLucero-b5o,1,2,127,127,3.0516646830846214e-06,0.45422330067930783,0.003268711512314818,False,Comentador intra-video
author::UCwha8rxULYMVtNwZWeSkE1A,UCwha8rxULYMVtNwZWeSkE1A,@mariasamo8637,1,1,127,127,3.0516646830846214e-06,0.45422330067930783,0.003268711512314818,False,Comentador intra-video
author::UCxff05WuyvwELNITi7bj7UA,UCxff05WuyvwELNITi7bj7UA,@markoherrera,1,1,127,127,3.0516646830846214e-06,0.45422330067930783,0.003268711512314818,False,Comentador intra-video
author::UCySYJU5kUh7X8gVt9la2ISA,UCySYJU5kUh7X8gVt9la2ISA,@dantesarti4351,1,1,127,127,3.0516646830846214e-06,0.45422330067930783,0.003268711512314818,False,Comentador intra-video
author::UCz3gu01bmjNv0DpRq-K3XYg,UCz3gu01bmjNv0DpRq-K3XYg,@eusebiovasquez4385,1,2,127,127,3.0516646830846214e-06,0.45422330067930783,0.003268711512314818,False,Comentador intra-video
author::UCzSfZlOVxBSs5ObD25ywxDQ,UCzSfZlOVxBSs5ObD25ywxDQ,@GilmarMaldonado-q9m,1,1,127,127,3.0516646830846214e-06,0.45422330067930783,0.003268711512314818,False,Comentador intra-video
author::UCzoL2l5H5eVlorWGH8AZfAg,UCzoL2l5H5eVlorWGH8AZfAg,@jor77cas,1,1,127,127,3.0516646830846214e-06,0.45422330067930783,0.003268711512314818,False,Comentador intra-video
author::UC-fiZBS5Gp1eCJd9ucgWnCg,UC-fiZBS5Gp1eCJd9ucgWnCg,@Tommii.10,1,1,48,48,3.0516646830846214e-06,0.3553255369233154,0.0028981626412299152,False,Comentador intra-video
author::UC1DpqK6vaPEkBOMNvypsKYg,UC1DpqK6vaPEkBOMNvypsKYg,@HectorCarranza-u4j4o,1,1,48,48,3.0516646830846214e-06,0.3553255369233154,0.0028981626412299152,False,Comentador intra-video
author::UC32oozucwCF3q8d4m8fyOUg,UC32oozucwCF3q8d4m8fyOUg,@RauldejesusOlivagonzalez,1,1,48,48,3.0516646830846214e-06,0.3553255369233154,0.0028981626412299152,False,Comentador intra-video
author::UC3UVO7pTbeYvZ3ILEyRDskQ,UC3UVO7pTbeYvZ3ILEyRDskQ,@rosaelenaargueta79,1,1,48,48,3.0516646830846214e-06,0.3553255369233154,0.0028981626412299152,False,Comentador intra-video
author::UC4Avya4kmR4Q0FrfFdBozSQ,UC4Avya4kmR4Q0FrfFdBozSQ,@davidlima1348,1,1,48,48,3.0516646830846214e-06,0.3553255369233154,0.0028981626412299152,False,Comentador intra-video
author::UC5hvEnRUzI4Kfvwnyi4QxqQ,UC5hvEnRUzI4Kfvwnyi4QxqQ,@leonelsantizo5281,1,1,48,48,3.0516646830846214e-06,0.3553255369233154,0.0028981626412299152,False,Comentador intra-video
author::UC6Uj1FT5JjDSF8vudvDxPAA,UC6Uj1FT5JjDSF8vudvDxPAA,@alfredoortega9264,1,1,48,48,3.0516646830846214e-06,0.3553255369233154,0.0028981626412299152,False,Comentador intra-video
author::UC7dadZG7kkGYnsNu6td0FbA,UC7dadZG7kkGYnsNu6td0FbA,@lesolorzano,1,1,48,48,3.0516646830846214e-06,0.3553255369233154,0.0028981626412299152,False,Comentador intra-video
author::UC816IGbFCZinfYS1LRDaaHg,UC816IGbFCZinfYS1LRDaaHg,@ingenieroar,1,1,48,48,3.0516646830846214e-06,0.3553255369233154,0.0028981626412299152,False,Comentador intra-video
author::UC95PSMouTx2N5CbSq0hIyrQ,UC95PSMouTx2N5CbSq0hIyrQ,@lisss1908,1,1,48,48,3.0516646830846214e-06,0.3553255369233154,0.0028981626412299152,False,Comentador intra-video
author::UCAKuKvcbfnBD3kF5njNu-IA,UCAKuKvcbfnBD3kF5njNu-IA,@melvinlopez7096,1,1,48,48,3.0516646830846214e-06,0.3553255369233154,0.0028981626412299152,False,Comentador intra-video
author::UCCBYcToQ2dwkd6TJh0FSyDg,UCCBYcToQ2dwkd6TJh0FSyDg,@lidiarodriguez3493,1,1,48,48,3.0516646830846214e-06,0.3553255369233154,0.0028981626412299152,False,Comentador intra-video
author::UCDrmf9y9nLgFY5wnA2hTuGA,UCDrmf9y9nLgFY5wnA2hTuGA,@laboratorio5528,1,1,48,48,3.0516646830846214e-06,0.3553255369233154,0.0028981626412299152,False,Comentador intra-video
author::UCGGHbtfbbe0o68etrOf0qxw,UCGGHbtfbbe0o68etrOf0qxw,@karensussetteleonvargas9794,1,1,48,48,3.0516646830846214e-06,0.3553255369233154,0.0028981626412299152,False,Comentador intra-video
author::UCHbwIx9pmQuf7i-4_xO2EpA,UCHbwIx9pmQuf7i-4_xO2EpA,@caminoseternos752,1,1,48,48,3.0516646830846214e-06,0.3553255369233154,0.0028981626412299152,False,Comentador intra-video
author::UCNpt5CQlTzNjlAKY6CJtClQ,UCNpt5CQlTzNjlAKY6CJtClQ,@eustaquiogomez9975,1,1,48,48,3.0516646830846214e-06,0.3553255369233154,0.0028981626412299152,False,Comentador intra-video
author::UCOcUI5XkTYNMSFhZNMIPpGg,UCOcUI5XkTYNMSFhZNMIPpGg,@hendersonlopez3864,1,1,48,48,3.0516646830846214e-06,0.3553255369233154,0.0028981626412299152,False,Comentador intra-video
author::UCQqlPPUGqAfWjd-FSh_qn7Q,UCQqlPPUGqAfWjd-FSh_qn7Q,@estuardoargueta137,1,1,48,48,3.0516646830846214e-06,0.3553255369233154,0.0028981626412299152,False,Comentador intra-video
author::UCQyOePccUP-fIJYzchAgZYw,UCQyOePccUP-fIJYzchAgZYw,@aguilar4254,1,1,48,48,3.0516646830846214e-06,0.3553255369233154,0.0028981626412299152,False,Comentador intra-video
author::UCRAquv8el-tQ30bN7MlmySQ,UCRAquv8el-tQ30bN7MlmySQ,@iamjimalesssa,1,1,48,48,3.0516646830846214e-06,0.3553255369233154,0.0028981626412299152,False,Comentador intra-video
author::UCRvPToDkkumha7WJAfCDk1A,UCRvPToDkkumha7WJAfCDk1A,@ligiaguerra3057,1,1,48,48,3.0516646830846214e-06,0.3553255369233154,0.0028981626412299152,False,Comentador intra-video
author::UCUoYsrx1oZnCZ0usbBJn4fA,UCUoYsrx1oZnCZ0usbBJn4fA,@AnaDiaz-re9sq,1,1,48,48,3.0516646830846214e-06,0.3553255369233154,0.0028981626412299152,False,Comentador intra-video
author::UCV0lM03g5fg5pbPj97-sAtA,UCV0lM03g5fg5pbPj97-sAtA,@genarodelgado3929,1,1,48,48,3.0516646830846214e-06,0.3553255369233154,0.0028981626412299152,False,Comentador intra-video
author::UCW-JC6lebVmf2P1dmY_L94g,UCW-JC6lebVmf2P1dmY_L94g,@dinoraoroxon5771,1,1,48,48,3.0516646830846214e-06,0.3553255369233154,0.0028981626412299152,False,Comentador intra-video
author::UCW80DaMjQlEUibC98Cot-Dg,UCW80DaMjQlEUibC98Cot-Dg,@rogeraldana4289,1,1,48,48,3.0516646830846214e-06,0.3553255369233154,0.0028981626412299152,False,Comentador intra-video
author::UCWoAVGVqCn4xtINCMOTM4jg,UCWoAVGVqCn4xtINCMOTM4jg,@OmarMartinez-vv8re,1,1,48,48,3.0516646830846214e-06,0.3553255369233154,0.0028981626412299152,False,Comentador intra-video
author::UCZeIIQrGAedW8tCbKWmGY-A,UCZeIIQrGAedW8tCbKWmGY-A,@mariocordon8873,1,1,48,48,3.0516646830846214e-06,0.3553255369233154,0.0028981626412299152,False,Comentador intra-video
author::UC_LYoGs5C3mbZKZuKuqYCvw,UC_LYoGs5C3mbZKZuKuqYCvw,@javiercifuentesarchila6041,1,1,48,48,3.0516646830846214e-06,0.3553255369233154,0.0028981626412299152,False,Comentador intra-video
author::UCaKAjTW9MVub_clgr4DRYjQ,UCaKAjTW9MVub_clgr4DRYjQ,@josecastillo4390,1,1,48,48,3.0516646830846214e-06,0.3553255369233154,0.0028981626412299152,False,Comentador intra-video
author::UCe8JZoYkX5oKUZyivHYdXhw,UCe8JZoYkX5oKUZyivHYdXhw,@FernandoGarcia-jg1fj,1,1,48,48,3.0516646830846214e-06,0.3553255369233154,0.0028981626412299152,False,Comentador intra-video
author::UCeDNEtI8_a42bZ47wJiJMwQ,UCeDNEtI8_a42bZ47wJiJMwQ,@EdgarcalderonCalderong,1,1,48,48,3.0516646830846214e-06,0.3553255369233154,0.0028981626412299152,False,Comentador intra-video
author::UCgJNFj5dnxXpcMvmuhZDPxA,UCgJNFj5dnxXpcMvmuhZDPxA,@NataliaRodriguez-rx5mr,1,1,48,48,3.0516646830846214e-06,0.3553255369233154,0.0028981626412299152,False,Comentador intra-video
author::UCgQw_Sbq3ugruDUKsq1e0-A,UCgQw_Sbq3ugruDUKsq1e0-A,@marlenareano-h4t,1,1,48,48,3.0516646830846214e-06,0.3553255369233154,0.0028981626412299152,False,Comentador intra-video
author::UCiC-Jn7wdgyQV4_Urk0DkWQ,UCiC-Jn7wdgyQV4_Urk0DkWQ,@pedroros6358,1,1,48,48,3.0516646830846214e-06,0.3553255369233154,0.0028981626412299152,False,Comentador intra-video
author::UCkVtmkK07b2zaVVNssX4lOg,UCkVtmkK07b2zaVVNssX4lOg,@HectorElias-u2l,1,1,48,48,3.0516646830846214e-06,0.3553255369233154,0.0028981626412299152,False,Comentador intra-video
author::UCkbsS_3D-pvg1iHOld9uvIg,UCkbsS_3D-pvg1iHOld9uvIg,@gonzalo6075,1,1,48,48,3.0516646830846214e-06,0.3553255369233154,0.0028981626412299152,False,Comentador intra-video
author::UClhMWQ7XKWywYvbRnuf8QsA,UClhMWQ7XKWywYvbRnuf8QsA,@EcPerez-zz9oh,1,1,48,48,3.0516646830846214e-06,0.3553255369233154,0.0028981626412299152,False,Comentador intra-video
author::UClqA491Xa5fQcXcJJa-vTWw,UClqA491Xa5fQcXcJJa-vTWw,@AndresLemus-k2d,1,1,48,48,3.0516646830846214e-06,0.3553255369233154,0.0028981626412299152,False,Comentador intra-video
author::UColMq7LmaoY3MT6aIDGrGvA,UColMq7LmaoY3MT6aIDGrGvA,@quijotachapina1,1,1,48,48,3.0516646830846214e-06,0.3553255369233154,0.0028981626412299152,False,Comentador intra-video
author::UCpe5jW3MIqkgTJ-PgkzvM6Q,UCpe5jW3MIqkgTJ-PgkzvM6Q,@carloslam5333,1,1,48,48,3.0516646830846214e-06,0.3553255369233154,0.0028981626412299152,False,Comentador intra-video
author::UCqCrvuoJpC-aVb0f4logQRQ,UCqCrvuoJpC-aVb0f4logQRQ,@Lyrics_GT,1,1,48,48,3.0516646830846214e-06,0.3553255369233154,0.0028981626412299152,False,Comentador intra-video
author::UCsGoJEvb-cFPZ2rWoJcXzEQ,UCsGoJEvb-cFPZ2rWoJcXzEQ,@sergiohinestroza9709,1,1,48,48,3.0516646830846214e-06,0.3553255369233154,0.0028981626412299152,False,Comentador intra-video
author::UCu8_3-Wg-YzNyvHYQDEscfw,UCu8_3-Wg-YzNyvHYQDEscfw,@RolandoCastroPérez-d7y,1,1,48,48,3.0516646830846214e-06,0.3553255369233154,0.0028981626412299152,False,Comentador intra-video
author::UCuXmOjxC-htcprLgeVXz6Tg,UCuXmOjxC-htcprLgeVXz6Tg,@jorgeaguilar-bq3uj,1,1,48,48,3.0516646830846214e-06,0.3553255369233154,0.0028981626412299152,False,Comentador intra-video
author::UCwgCc9Jd_gG-uLE_SY-FfPg,UCwgCc9Jd_gG-uLE_SY-FfPg,@armindapenados2841,1,1,48,48,3.0516646830846214e-06,0.3553255369233154,0.0028981626412299152,False,Comentador intra-video
author::UCwjUvRseNtJoItylIyIez7Q,UCwjUvRseNtJoItylIyIez7Q,@Silviazea,1,1,48,48,3.0516646830846214e-06,0.3553255369233154,0.0028981626412299152,False,Comentador intra-video
author::UC-HeUTT6_g-VoiWds2a4H-w,UC-HeUTT6_g-VoiWds2a4H-w,@JorgeMunoz-gd9et,1,1,31,31,0.0,0.2703838109369134,0.0031737991501789077,False,Comentador intra-video
author::UC-Iul5tDYH_oiAMXQH-KaaQ,UC-Iul5tDYH_oiAMXQH-KaaQ,@AlbertoMancilla-p9h,1,1,31,31,0.0,0.2703838109369134,0.0031737991501789077,False,Comentador intra-video
author::UC0HvfEWozTHbwl_iEmJNvVA,UC0HvfEWozTHbwl_iEmJNvVA,@OttoPalencia-b7r,1,1,31,31,0.0,0.2703838109369134,0.0031737991501789077,False,Comentador intra-video
author::UC14qlobYKqD-DO0j6b75lcA,UC14qlobYKqD-DO0j6b75lcA,@megavision4488,1,1,31,31,0.0,0.2703838109369134,0.0031737991501789077,False,Comentador intra-video
author::UC1NiEdJ7gk6FlDexIalWnGg,UC1NiEdJ7gk6FlDexIalWnGg,@BorisTebalán,1,1,31,31,0.0,0.2703838109369134,0.0031737991501789077,False,Comentador intra-video
author::UC3YpzAr7pcdKC7BVFEpYzog,UC3YpzAr7pcdKC7BVFEpYzog,@carmenfigueroa1232,1,1,31,31,0.0,0.2703838109369134,0.0031737991501789077,False,Comentador intra-video
author::UC63tFvbQ_hJhGDi2nbjssjw,UC63tFvbQ_hJhGDi2nbjssjw,@AbigailRodas-w2r,1,1,31,31,0.0,0.2703838109369134,0.0031737991501789077,False,Comentador intra-video
author::UCEHXl4VvvVpq-_4xC5tsbhg,UCEHXl4VvvVpq-_4xC5tsbhg,@anibalg47,1,1,31,31,0.0,0.2703838109369134,0.0031737991501789077,False,Comentador intra-video
author::UCFybmWapGvBKcQod7cPPH9w,UCFybmWapGvBKcQod7cPPH9w,@vitalianochavez8382,1,1,31,31,0.0,0.2703838109369134,0.0031737991501789077,False,Comentador intra-video
author::UCRfkkatKrNtAARnXMMYBGlA,UCRfkkatKrNtAARnXMMYBGlA,@BernerSoza-mg3vx,1,1,31,31,0.0,0.2703838109369134,0.0031737991501789077,False,Comentador intra-video
author::UCV3fr-YOixFKCZBbJP1-X4w,UCV3fr-YOixFKCZBbJP1-X4w,@albertoshernandez5251,1,5,31,31,0.0,0.2703838109369134,0.0031737991501789077,False,Comentador intra-video
author::UCWaRixDdpgllTBf4V0jPnKQ,UCWaRixDdpgllTBf4V0jPnKQ,@hectormaaz5523,1,2,31,31,0.0,0.2703838109369134,0.0031737991501789077,False,Comentador intra-video
author::UCWvntqPQx99k_Z_skWKqNSA,UCWvntqPQx99k_Z_skWKqNSA,@AntonioChiyal-x5s,1,1,31,31,0.0,0.2703838109369134,0.0031737991501789077,False,Comentador intra-video
author::UCZFQwqh90apuL8eFhvRBkUg,UCZFQwqh90apuL8eFhvRBkUg,@luisricardo9671,1,1,31,31,0.0,0.2703838109369134,0.0031737991501789077,False,Comentador intra-video
author::UCa36MjQLoPAmgJo-R3G8WQA,UCa36MjQLoPAmgJo-R3G8WQA,@elsasalguero6914,1,1,31,31,0.0,0.2703838109369134,0.0031737991501789077,False,Comentador intra-video
author::UCaT4saRcyqCLE657Rq2hhZQ,UCaT4saRcyqCLE657Rq2hhZQ,@elmilenial4064,1,1,31,31,0.0,0.2703838109369134,0.0031737991501789077,False,Comentador intra-video
author::UCeQk-WfEA-cJRq4EKeE7TOw,UCeQk-WfEA-cJRq4EKeE7TOw,@franciscojuarez9223,1,1,31,31,0.0,0.2703838109369134,0.0031737991501789077,False,Comentador intra-video
author::UCfo_yUPzy1f1POwwZxhZ06Q,UCfo_yUPzy1f1POwwZxhZ06Q,@lara11roberto,1,1,31,31,0.0,0.2703838109369134,0.0031737991501789077,False,Comentador intra-video
author::UCgGqw4aqMdMVSGkKiMgrJRQ,UCgGqw4aqMdMVSGkKiMgrJRQ,@pattyfigueroa5609,1,1,31,31,0.0,0.2703838109369134,0.0031737991501789077,False,Comentador intra-video
author::UCheEJ5GZuIvV0fj-nXyVwXw,UCheEJ5GZuIvV0fj-nXyVwXw,@rosaoliva9389,1,1,31,31,0.0,0.2703838109369134,0.0031737991501789077,False,Comentador intra-video
author::UChyps3dqY-VY1_wLeq-2lhw,UChyps3dqY-VY1_wLeq-2lhw,@maydamorales4395,1,1,31,31,0.0,0.2703838109369134,0.0031737991501789077,False,Comentador intra-video
author::UCiOZX__1gahg1ypIj0_XG_w,UCiOZX__1gahg1ypIj0_XG_w,@mariogonzalezorellana8956,1,1,31,31,0.0,0.2703838109369134,0.0031737991501789077,False,Comentador intra-video
author::UCoGdCoJg2Lh0OX_jv6cG16g,UCoGdCoJg2Lh0OX_jv6cG16g,@Israel-u5i7i,1,2,31,31,0.0,0.2703838109369134,0.0031737991501789077,False,Comentador intra-video
author::UCp29O_C7cchZV8IxV7Crdag,UCp29O_C7cchZV8IxV7Crdag,@robertoescobar5507,1,2,31,31,0.0,0.2703838109369134,0.0031737991501789077,False,Comentador intra-video
author::UCql1n3Ey6ULMSOACjMe-fxQ,UCql1n3Ey6ULMSOACjMe-fxQ,@RolandoGonzalez-o7g,1,1,31,31,0.0,0.2703838109369134,0.0031737991501789077,False,Comentador intra-video
author::UCtCtts20bW6F9CSohau51Iw,UCtCtts20bW6F9CSohau51Iw,@carlosgranados9875,1,2,31,31,0.0,0.2703838109369134,0.0031737991501789077,False,Comentador intra-video
author::UCtsxPYw8VUsH_FfnKg-0lmw,UCtsxPYw8VUsH_FfnKg-0lmw,@AlejandroPérez-b6r,1,1,31,31,0.0,0.2703838109369134,0.0031737991501789077,False,Comentador intra-video
author::UCvDwJBBY1mHK70aTEYl6rsA,UCvDwJBBY1mHK70aTEYl6rsA,@cristianescobedo8296,1,1,31,31,0.0,0.2703838109369134,0.0031737991501789077,False,Comentador intra-video
author::UCwxoKK59nGCeBqB2sXfDBIw,UCwxoKK59nGCeBqB2sXfDBIw,@vic-bonivideos,1,1,31,31,0.0,0.2703838109369134,0.0031737991501789077,False,Comentador intra-video
author::UCyJhqmMbsvjpoarBBStA2kg,UCyJhqmMbsvjpoarBBStA2kg,@Murmullodelbarrio,1,6,31,31,0.0,0.2703838109369134,0.0031737991501789077,False,Comentador intra-video
author::UC0RpuMwkDKJYqgKHtsJRuWQ,UC0RpuMwkDKJYqgKHtsJRuWQ,@sabinamarinaguerra3248,1,1,24,24,0.0,0.07250755287009064,0.00304321363359708,False,Comentador intra-video
author::UC0aEyakBPqcBkVJiErfSupQ,UC0aEyakBPqcBkVJiErfSupQ,@jhonymanuel9891,1,1,24,24,0.0,0.07250755287009064,0.00304321363359708,False,Comentador intra-video
author::UC5PyGvSfFM--OVKmQ3COu6g,UC5PyGvSfFM--OVKmQ3COu6g,@FreddyGmez,1,1,24,24,0.0,0.07250755287009064,0.00304321363359708,False,Comentador intra-video
author::UC5fvhAfm89JH8eDFdvc0xYw,UC5fvhAfm89JH8eDFdvc0xYw,@isaidiaz2388,1,1,24,24,0.0,0.07250755287009064,0.00304321363359708,False,Comentador intra-video
author::UCFOxCyF926Y9eHhMeVoWLzw,UCFOxCyF926Y9eHhMeVoWLzw,@arielsarc09,1,1,24,24,0.0,0.07250755287009064,0.00304321363359708,False,Comentador intra-video
author::UCGqKxQS-z3NZzZF-2w338AA,UCGqKxQS-z3NZzZF-2w338AA,@samuelaguilar529,1,1,24,24,0.0,0.07250755287009064,0.00304321363359708,False,Comentador intra-video
author::UCHMQ_lDhibZ-XZ_3fo6oxwg,UCHMQ_lDhibZ-XZ_3fo6oxwg,@crislexrubi4387,1,1,24,24,0.0,0.07250755287009064,0.00304321363359708,False,Comentador intra-video
author::UCIUhbSCy3-SGRe5UtqM4fzQ,UCIUhbSCy3-SGRe5UtqM4fzQ,@jeanmorales1677,1,1,24,24,0.0,0.07250755287009064,0.00304321363359708,False,Comentador intra-video
author::UCIp19h9igblA2YKfSLPDAug,UCIp19h9igblA2YKfSLPDAug,@JoseReyes-rn6sh,1,1,24,24,0.0,0.07250755287009064,0.00304321363359708,False,Comentador intra-video
author::UCRcSR3Lvn9DZAmJpVPANfZQ,UCRcSR3Lvn9DZAmJpVPANfZQ,@WalksandSuch,1,1,24,24,0.0,0.07250755287009064,0.00304321363359708,False,Comentador intra-video
author::UCRznz9-N3Qc1w-qNdLSIY2Q,UCRznz9-N3Qc1w-qNdLSIY2Q,@jimmygomez724,1,1,24,24,0.0,0.07250755287009064,0.00304321363359708,False,Comentador intra-video
author::UCSTAUWVc1_82DHYeqOsqEFA,UCSTAUWVc1_82DHYeqOsqEFA,@TheAlexX_C,1,1,24,24,0.0,0.07250755287009064,0.00304321363359708,False,Comentador intra-video
author::UCXmrpc6Li0spcKxtS0Q_ptg,UCXmrpc6Li0spcKxtS0Q_ptg,@melvinperez6710,1,1,24,24,0.0,0.07250755287009064,0.00304321363359708,False,Comentador intra-video
author::UCY7Hq7F9Lnucf-Yr6JkHZNw,UCY7Hq7F9Lnucf-Yr6JkHZNw,@maynorcalel1442,1,1,24,24,0.0,0.07250755287009064,0.00304321363359708,False,Comentador intra-video
author::UC_ljZ1hZXR9pzexFz87P5ZA,UC_ljZ1hZXR9pzexFz87P5ZA,@ChRiStOpHeR7969,1,1,24,24,0.0,0.07250755287009064,0.00304321363359708,False,Comentador intra-video
author::UCaT6M2zp7X6r6Whd8Vv3kHQ,UCaT6M2zp7X6r6Whd8Vv3kHQ,@alexarcos8349,1,1,24,24,0.0,0.07250755287009064,0.00304321363359708,False,Comentador intra-video
author::UCgLrWFdYitoP-b7-PxtUr-w,UCgLrWFdYitoP-b7-PxtUr-w,@zetag,1,1,24,24,0.0,0.07250755287009064,0.00304321363359708,False,Comentador intra-video
author::UCgLurCo-e019HGODcjXHWCw,UCgLurCo-e019HGODcjXHWCw,@perritojuega1,1,1,24,24,0.0,0.07250755287009064,0.00304321363359708,False,Comentador intra-video
author::UCi-vPdnpQreC7BkFs40mJGA,UCi-vPdnpQreC7BkFs40mJGA,@bryansicasales4280,1,1,24,24,0.0,0.07250755287009064,0.00304321363359708,False,Comentador intra-video
author::UCqilIa8r7iek5sGYg_q6ofA,UCqilIa8r7iek5sGYg_q6ofA,@rolandojuchuna484,1,1,24,24,0.0,0.07250755287009064,0.00304321363359708,False,Comentador intra-video
author::UCs_5qeqdku9tGAq22y3OcuQ,UCs_5qeqdku9tGAq22y3OcuQ,@alexandrevasquez4135,1,1,24,24,0.0,0.07250755287009064,0.00304321363359708,False,Comentador intra-video
author::UCtMBF_1O2jY2INlb_luuB_A,UCtMBF_1O2jY2INlb_luuB_A,@mynorgudiel8646,1,1,24,24,0.0,0.07250755287009064,0.00304321363359708,False,Comentador intra-video
author::UCwUAv3_LpWVtTIi7lkmTL7A,UCwUAv3_LpWVtTIi7lkmTL7A,@kingr4706,1,1,24,24,0.0,0.07250755287009064,0.00304321363359708,False,Comentador intra-video
author::UCxKR3RA8T-kxMgq_2WWhRcQ,UCxKR3RA8T-kxMgq_2WWhRcQ,@elenaluarca9377,1,1,24,24,0.0,0.07250755287009064,0.00304321363359708,False,Comentador intra-video
author::UCyzf29IYjNw67gGIfsjgtxA,UCyzf29IYjNw67gGIfsjgtxA,@carlosoliva9249,1,1,24,24,0.0,0.07250755287009064,0.00304321363359708,False,Comentador intra-video
author::UC1Y7x3h0c95Z8kUhi-Tzaeg,UC1Y7x3h0c95Z8kUhi-Tzaeg,@rosadiaz9235,1,1,18,18,0.0,0.34828402475867654,0.002359046320435588,False,Comentador intra-video
author::UC7IMsCxfZyWN7YQo8-JYa6Q,UC7IMsCxfZyWN7YQo8-JYa6Q,@Burgos68,1,2,18,18,0.0,0.34828402475867654,0.002359046320435588,False,Comentador intra-video
author::UC8xlJWNHz1V_W6q3fbuQH8g,UC8xlJWNHz1V_W6q3fbuQH8g,@NormaLópez-v7e,1,1,18,18,0.0,0.34828402475867654,0.002359046320435588,False,Comentador intra-video
author::UCAV7QIjYhbDJaycQycM_0eQ,UCAV7QIjYhbDJaycQycM_0eQ,@mariavail8998,1,1,18,18,0.0,0.34828402475867654,0.002359046320435588,False,Comentador intra-video
author::UCGX_UbAQOXGZknv5iqklwTA,UCGX_UbAQOXGZknv5iqklwTA,@ronaldgarcia8522,1,1,18,18,0.0,0.34828402475867654,0.002359046320435588,False,Comentador intra-video
author::UCN2N_wYOw6fMwCeSzdXLPIw,UCN2N_wYOw6fMwCeSzdXLPIw,@danielantoniogonzalezflore4901,1,1,18,18,0.0,0.34828402475867654,0.002359046320435588,False,Comentador intra-video
author::UCNIeXbV_mEwpa412h1aqUWw,UCNIeXbV_mEwpa412h1aqUWw,@juandeleon9060,1,3,18,18,0.0,0.34828402475867654,0.002359046320435588,False,Comentador intra-video
author::UCPZueDLrCS4BmTBRMA4q0fA,UCPZueDLrCS4BmTBRMA4q0fA,@kevinochoa3695,1,1,18,18,0.0,0.34828402475867654,0.002359046320435588,False,Comentador intra-video
author::UCVQf0tzL7xRzFJsABVVULpg,UCVQf0tzL7xRzFJsABVVULpg,@DennisseLopetegi,1,1,18,18,0.0,0.34828402475867654,0.002359046320435588,False,Comentador intra-video
author::UCbYoNG5J3Au5BqtbXogfEFw,UCbYoNG5J3Au5BqtbXogfEFw,@Luis-gn3fj,1,1,18,18,0.0,0.34828402475867654,0.002359046320435588,False,Comentador intra-video
author::UCf5lnNZF7Qrtli9v4N_23WQ,UCf5lnNZF7Qrtli9v4N_23WQ,@CarlosCortez-v5r,1,1,18,18,0.0,0.34828402475867654,0.002359046320435588,False,Comentador intra-video
author::UCg3eIfd7BrsLEqS0BLkftHA,UCg3eIfd7BrsLEqS0BLkftHA,@ErmePérez-q4s,1,3,18,18,0.0,0.34828402475867654,0.002359046320435588,False,Comentador intra-video
author::UCgQJgI9vu1FI2dnC9mrFthw,UCgQJgI9vu1FI2dnC9mrFthw,@srms70,1,1,18,18,0.0,0.34828402475867654,0.002359046320435588,False,Comentador intra-video
author::UClsrFGJKWPxxw7MiaEdKLXw,UClsrFGJKWPxxw7MiaEdKLXw,@ericapaz5406,1,1,18,18,0.0,0.34828402475867654,0.002359046320435588,False,Comentador intra-video
author::UCtNyHmRZtvGF2hSvI2dUBWw,UCtNyHmRZtvGF2hSvI2dUBWw,@aureliomaldonado4793,1,2,18,18,0.0,0.34828402475867654,0.002359046320435588,False,Comentador intra-video
author::UCuP4UK33HKtJE_S39ksmaTw,UCuP4UK33HKtJE_S39ksmaTw,@herbertaguilar1387,1,1,18,18,0.0,0.34828402475867654,0.002359046320435588,False,Comentador intra-video
author::UCusjriFsDHEc2AOjqk-p5ig,UCusjriFsDHEc2AOjqk-p5ig,@pablobarrios7931,1,1,18,18,0.0,0.34828402475867654,0.002359046320435588,False,Comentador intra-video
author::UC-QOpE7GOxlXcHZ8b7HbQKA,UC-QOpE7GOxlXcHZ8b7HbQKA,@mariaalexander427,1,2,17,17,0.0,0.0513595166163142,0.00304321363359708,False,Comentador intra-video
author::UC1WlJfQmaIskYhP4gmWoamw,UC1WlJfQmaIskYhP4gmWoamw,@marthareiss5434,1,1,17,17,0.0,0.0513595166163142,0.00304321363359708,False,Comentador intra-video
author::UCBlm80VQ4YoV3bUJR_XhkaQ,UCBlm80VQ4YoV3bUJR_XhkaQ,@rosadiaz6945,1,2,17,17,0.0,0.0513595166163142,0.00304321363359708,False,Comentador intra-video
author::UCGZMgmM92E3njyXNe9-kjAQ,UCGZMgmM92E3njyXNe9-kjAQ,@pasionpornada,1,1,17,17,0.0,0.0513595166163142,0.00304321363359708,False,Comentador intra-video
author::UCIgoiXdIKJyUGmUoH2Lxdzg,UCIgoiXdIKJyUGmUoH2Lxdzg,@susievidal4134,1,1,17,17,0.0,0.0513595166163142,0.00304321363359708,False,Comentador intra-video
author::UCOLHH4ZpMxPYF-Q6e6wvn5A,UCOLHH4ZpMxPYF-Q6e6wvn5A,@luisroldan7374,1,1,17,17,0.0,0.0513595166163142,0.00304321363359708,False,Comentador intra-video
author::UCPNXmbOBVeC4HS-xemvcPtQ,UCPNXmbOBVeC4HS-xemvcPtQ,@BelkisRodriguezRamirez,1,1,17,17,0.0,0.0513595166163142,0.00304321363359708,False,Comentador intra-video
author::UCQMMuADgqWUOcJpLwHOzC-g,UCQMMuADgqWUOcJpLwHOzC-g,@Ripped-Yoda,1,1,17,17,0.0,0.0513595166163142,0.00304321363359708,False,Comentador intra-video
author::UCVdjCrh4tQoX3haNAZv-n5A,UCVdjCrh4tQoX3haNAZv-n5A,@aurahernandez5646,1,1,17,17,0.0,0.0513595166163142,0.00304321363359708,False,Comentador intra-video
author::UCZjm6U576nX8WOiLhmMR3bw,UCZjm6U576nX8WOiLhmMR3bw,@MariaNavarroYT,1,1,17,17,0.0,0.0513595166163142,0.00304321363359708,False,Comentador intra-video
author::UCat2qkYvqmtDNEmo2PVuhXw,UCat2qkYvqmtDNEmo2PVuhXw,@DoraSalas-j5o,1,1,17,17,0.0,0.0513595166163142,0.00304321363359708,False,Comentador intra-video
author::UCbNanjFI51cwGqMAb2rOrBw,UCbNanjFI51cwGqMAb2rOrBw,@RosaMontesdeOca777,1,1,17,17,0.0,0.0513595166163142,0.00304321363359708,False,Comentador intra-video
author::UCi2KiZq63sRq8Mfbcp-MelQ,UCi2KiZq63sRq8Mfbcp-MelQ,@eugeneramirez4405,1,6,17,17,0.0,0.0513595166163142,0.00304321363359708,False,Comentador intra-video
author::UCozFYHN0e_-vlQbX3wQGOug,UCozFYHN0e_-vlQbX3wQGOug,@jesusguzman2321,1,1,17,17,0.0,0.0513595166163142,0.00304321363359708,False,Comentador intra-video
author::UCp_dAUfv8i3LW3zWc24dLaQ,UCp_dAUfv8i3LW3zWc24dLaQ,@MarioCortez-o6v,1,1,17,17,0.0,0.0513595166163142,0.00304321363359708,False,Comentador intra-video
author::UCrqXyRsg-_hTosURZ-uvoKg,UCrqXyRsg-_hTosURZ-uvoKg,@flornolberto2425,1,1,17,17,0.0,0.0513595166163142,0.00304321363359708,False,Comentador intra-video
author::UCtiHFjFu7d5v2XxHnKFUYig,UCtiHFjFu7d5v2XxHnKFUYig,@Paul-gf7ec,1,1,17,17,0.0,0.0513595166163142,0.00304321363359708,False,Comentador intra-video
author::UCxhtlxPV8AYWaNNyU6S9H8Q,UCxhtlxPV8AYWaNNyU6S9H8Q,@WilR-s8r,1,1,17,17,0.0,0.0513595166163142,0.00304321363359708,False,Comentador intra-video
author::UC2ngpd8UBQu4gcUYy0goAtg,UC2ngpd8UBQu4gcUYy0goAtg,@juliohernandez7438,1,1,12,12,0.0,0.20846197102344144,0.002548612704496669,False,Comentador intra-video
author::UCAxvOOHQk7dYPOajzFEVtbA,UCAxvOOHQk7dYPOajzFEVtbA,@ruddydepaz322,1,2,12,12,0.0,0.20846197102344144,0.002548612704496669,False,Comentador intra-video
author::UCIXLDYqR_syskKRJy_x9W9Q,UCIXLDYqR_syskKRJy_x9W9Q,@carlitosramirez4739,1,1,12,12,0.0,0.20846197102344144,0.002548612704496669,False,Comentador intra-video
author::UCLXYp1Cvc5DLtq5UQL5D9vw,UCLXYp1Cvc5DLtq5UQL5D9vw,@jorgecifuentes-m5g,1,1,12,12,0.0,0.20846197102344144,0.002548612704496669,False,Comentador intra-video
author::UCO0zwwLWGyDgQmWPJ5Qrr1w,UCO0zwwLWGyDgQmWPJ5Qrr1w,@elsalvador3605,1,1,12,12,0.0,0.20846197102344144,0.002548612704496669,False,Comentador intra-video
author::UCXN2s7DwTJm33xO-pNkAdaA,UCXN2s7DwTJm33xO-pNkAdaA,@edithsan7688,1,1,12,12,0.0,0.20846197102344144,0.002548612704496669,False,Comentador intra-video
author::UC_3xuTXvMIWU5MYP9HkJ3vQ,UC_3xuTXvMIWU5MYP9HkJ3vQ,@Historia-wm4os,1,1,12,12,0.0,0.20846197102344144,0.002548612704496669,False,Comentador intra-video
author::UCfXykdbSU97rj987LDUGfvg,UCfXykdbSU97rj987LDUGfvg,@MariaSantos-c8y3h,1,1,12,12,0.0,0.20846197102344144,0.002548612704496669,False,Comentador intra-video
author::UCfjhejO7LZy4doXURa7LZCQ,UCfjhejO7LZy4doXURa7LZCQ,@HonwayLee-z5g,1,1,12,12,0.0,0.20846197102344144,0.002548612704496669,False,Comentador intra-video
author::UCq3mDTTRZnUybct5M9OSXbg,UCq3mDTTRZnUybct5M9OSXbg,@MacoMorales-i2i2d,1,1,12,12,0.0,0.20846197102344144,0.002548612704496669,False,Comentador intra-video
author::UCvl1tzQeBeGy6efPTRJXSCw,UCvl1tzQeBeGy6efPTRJXSCw,@RaulPerez-cw2vi,1,1,12,12,0.0,0.20846197102344144,0.002548612704496669,False,Comentador intra-video
author::UCwCfs-2zbD5k0lG-UVg_JBw,UCwCfs-2zbD5k0lG-UVg_JBw,@JessicaHuaz-96,1,1,12,12,0.0,0.20846197102344144,0.002548612704496669,False,Comentador intra-video
author::UC094EFEmMSdwVa8NQjjYBXg,UC094EFEmMSdwVa8NQjjYBXg,@CelestinoQuej-j7k,1,1,6,6,0.0,0.29826934757401025,0.0016697553162696441,False,Comentador intra-video
author::UC3iIU62XKUOWuqL8BqBzj9A,UC3iIU62XKUOWuqL8BqBzj9A,@antonioduarte2288,1,1,6,6,0.0,0.29826934757401025,0.0016697553162696441,False,Comentador intra-video
author::UC4kg7zuTfqQKLd2bkZrSYBA,UC4kg7zuTfqQKLd2bkZrSYBA,@zoilagarcia9019,1,1,6,6,0.0,0.2521791614146709,0.001806375196548455,False,Comentador intra-video
author::UC5PrBbmUlQolwqmiru7yZhw,UC5PrBbmUlQolwqmiru7yZhw,@lazarochavez8269,1,1,6,6,0.0,0.29826934757401025,0.0016697553162696441,False,Comentador intra-video
author::UC9Wp6vL5oCU37qC3Aj94WZA,UC9Wp6vL5oCU37qC3Aj94WZA,@ManuelSanchez-b8q2z,1,1,6,6,0.0,0.29826934757401025,0.0016697553162696441,False,Comentador intra-video
author::UCBtB5dIyx-C16UN8ClUD2UA,UCBtB5dIyx-C16UN8ClUD2UA,@alexmonzon4257,1,1,6,6,0.0,0.2521791614146709,0.001806375196548455,False,Comentador intra-video
author::UCFFrEmn6lPYiWyElpfzTy5Q,UCFFrEmn6lPYiWyElpfzTy5Q,@denilsonlopez4083,1,1,6,6,0.0,0.2521791614146709,0.001806375196548455,False,Comentador intra-video
author::UCGm3gRBEHGRJYmtCryZLtDw,UCGm3gRBEHGRJYmtCryZLtDw,@JoséLopez-g6k,1,1,6,6,0.0,0.29826934757401025,0.0016697553162696441,False,Comentador intra-video
author::UCHu8x4MVkayU6VgwVKd--MQ,UCHu8x4MVkayU6VgwVKd--MQ,@Hernandez-i1o,1,1,6,6,0.0,0.29826934757401025,0.0016697553162696441,False,Comentador intra-video
author::UCLh1Kde4_vI1sTZBkTNP7RQ,UCLh1Kde4_vI1sTZBkTNP7RQ,@JoelReynoso-d4r,1,1,6,6,0.0,0.2521791614146709,0.001806375196548455,False,Comentador intra-video
author::UCfRqgt2O-vjzUDMZY_tnxQw,UCfRqgt2O-vjzUDMZY_tnxQw,@Williams-Garcia67E,1,1,6,6,0.0,0.2521791614146709,0.001806375196548455,False,Comentador intra-video
author::UCk4O-J1BhoqPmig1KLGJePA,UCk4O-J1BhoqPmig1KLGJePA,@lazarobarillas3575,1,1,6,6,0.0,0.2521791614146709,0.001806375196548455,False,Comentador intra-video
author::UCGj2v6Gl5bN8NSrzJMXS-CA,UCGj2v6Gl5bN8NSrzJMXS-CA,@juliogutierrez492,1,1,5,5,0.0,0.24834165243662154,0.0019964490731540488,False,Comentador intra-video
author::UCOARn3hnfkB7-_Rwa8Hoqcw,UCOARn3hnfkB7-_Rwa8Hoqcw,@nicelol5241,1,1,5,5,0.0,0.24834165243662154,0.0019964490731540488,False,Comentador intra-video
author::UCVhif9eV0f8plICen2DnpKA,UCVhif9eV0f8plICen2DnpKA,@blogarteplus,1,1,5,5,0.0,0.24834165243662154,0.0019964490731540488,False,Comentador intra-video
author::UCZIQnb1fkwe39Iw2TAu-bGA,UCZIQnb1fkwe39Iw2TAu-bGA,@jorgegomez2237,1,1,5,5,0.0,0.24834165243662154,0.0019964490731540488,False,Comentador intra-video
author::UCyW68EGZey4ao_Vf2cR5Ztg,UCyW68EGZey4ao_Vf2cR5Ztg,@ZabalaXabier,1,1,5,5,0.0,0.24834165243662154,0.0019964490731540488,False,Comentador intra-video
author::UCKVzDUqbtdSMBcexaEtMmzQ,UCKVzDUqbtdSMBcexaEtMmzQ,@rotorairgroup8409,1,1,3,3,0.0,0.00906344410876133,0.0030432136335970775,False,Comentador intra-video
author::UCNiMNUJvaRJb0_QLClqwVnA,UCNiMNUJvaRJb0_QLClqwVnA,@Santiago.Nolasco,1,1,3,3,0.0,0.00906344410876133,0.0030432136335970775,False,Comentador intra-video
author::UCld2stqxaVSk0QdGncM224A,UCld2stqxaVSk0QdGncM224A,@sarahernandez3873,1,1,3,3,0.0,0.00906344410876133,0.0030432136335970775,False,Comentador intra-video
author::UCtowGNY2lnlg6O2CkwDgkLg,UCtowGNY2lnlg6O2CkwDgkLg,@taniagabrielacelis8434,1,1,3,3,0.0,0.00906344410876133,0.0030432136335970775,False,Comentador intra-video
author::UCHGd14aYuZZShLD73dkk6mg,UCHGd14aYuZZShLD73dkk6mg,@noemiherrera3152,1,1,2,2,0.0,0.006042296072507553,0.003043213633597079,False,Comentador intra-video
author::UCQIdKuZ-OzuFqy0KjGrgesg,UCQIdKuZ-OzuFqy0KjGrgesg,@lyacausa,1,1,2,2,0.0,0.006042296072507553,0.003043213633597079,False,Comentador intra-video
author::UCWWkebAekppaL5b5CNlppuw,UCWWkebAekppaL5b5CNlppuw,@ninettmartinez425,1,1,2,2,0.0,0.006042296072507553,0.003043213633597079,False,Comentador intra-video
author::UCJxJC56BSAX-ArD0NAb9qnQ,UCJxJC56BSAX-ArD0NAb9qnQ,@alfonsowilian9157,1,1,1,1,0.0,0.0030211480362537764,0.003043213633597079,False,Comentador intra-video
author::UCyor0Mmm0ivLX2jIdyGp84Q,UCyor0Mmm0ivLX2jIdyGp84Q,@MiguelJordan-n3g,1,1,1,1,0.0,0.0030211480362537764,0.003043213633597079,False,Comentador intra-video
author::UC6xI_MOaxajIWpoP8BH6E_Q,UC6xI_MOaxajIWpoP8BH6E_Q,@jahirdiaz5862,1,1,0,0,0.0,0.0,0.00045648204503956184,False,Autor aislado en muestra
author::UCPLW0HE3siElqCgXfgWxMqg,UCPLW0HE3siElqCgXfgWxMqg,@elizabethmonterroso7719,1,1,0,0,0.0,0.0,0.00045648204503956184,False,Autor aislado en muestra
author::UCQM2tCKRRytVDRxNUfCDqQQ,UCQM2tCKRRytVDRxNUfCDqQQ,@elioelias7267,1,1,0,0,0.0,0.0,0.00045648204503956184,False,Autor aislado en muestra
author::UC_NRVt2UP88ZNTwzrZ66JSg,UC_NRVt2UP88ZNTwzrZ66JSg,@aditalissethevasquezrojas8039,1,1,0,0,0.0,0.0,0.00045648204503956184,False,Autor aislado en muestra
