node_id,video_id,titulo,canal,categoria,vistas,comentarios_muestra,comunidad_id,comunidad_nombre,estado_estructural,grado,grado_ponderado,intermediacion_global,intermediacion_componente,cercania_global,cercania_componente,pagerank_global,pagerank_componente,es_punto_articulacion,rol_estructural
video::n8iP75gIpmw,n8iP75gIpmw,Qué rico come tu diputado,Quorum,News & Politics,11775,161,1,Comunidad 1,conectado,4,5,0.000541354799227981,0.6388888888888888,0.018493150684931504,0.6,0.03420888821626137,0.18006748050356153,True,Articulador central multienlace
video::ndAZjHqzzT8,ndAZjHqzzT8,Internet: escoger el menos malo,Quorum,News & Politics,717,12,3,Comunidad 3,conectado,4,5,0.0004472061384926799,0.5277777777777778,0.016317485898468976,0.5294117647058824,0.031020770323055495,0.16337745204275794,True,Articulador central multienlace
video::PjmxCj-a9Hg,PjmxCj-a9Hg,Conferencia de Prensa del Gobierno de Guatemala. #LaRondaGt,Gobierno de la República de Guatemala,Entertainment,3628,25,2,Comunidad 2,conectado,2,2,0.0003295203125735536,0.38888888888888884,0.014599855803893294,0.47368421052631576,0.016990029421645163,0.08933915107620127,True,Articulador bisagra de rama
video::j43HgwYFKfk,j43HgwYFKfk,La cooptación de Walter Mazariegos en la USAC,Quorum,News & Politics,10156,50,1,Comunidad 1,conectado,3,4,0.00018829732147060207,0.2222222222222222,0.015410958904109588,0.5,0.027066648272183497,0.14248398185150038,True,Articulador central multienlace
video::6W4u8sGEnGM,6W4u8sGEnGM,Inician los trabajos de recuperación del Puente Belice II.,Gobierno de la República de Guatemala,Entertainment,11670,45,2,Comunidad 2,conectado,2,2,0.00018829732147060207,0.2222222222222222,0.011095890410958903,0.36,0.019576540197405182,0.10288578011345978,True,Articulador bisagra de rama
video::WIUZtitfLRw,WIUZtitfLRw,Caminar en una ciudad hecha para carros,Quorum,News & Politics,422,6,3,Comunidad 3,conectado,2,2,9.414866073530103e-05,0.1111111111111111,0.011558219178082191,0.375,0.013553397469842807,0.0713551820995253,False,Participante periférico en comunidad
video::yLZS3JiEBg8,yLZS3JiEBg8,Arroz con pollo a la MONOPOLIO,Quorum,News & Politics,1954,16,3,Comunidad 3,conectado,2,3,0.0,0.0,0.011558219178082191,0.375,0.01915512492622689,0.10087422607647696,False,Participante periférico en comunidad
video::06mFNPU0aB8,06mFNPU0aB8,Capturan a presuntos delincuentes disfrazados de mujer señalados de cometer asalto,Noti7,News & Politics,6692,14,2,Comunidad 2,conectado,1,1,0.0,0.0,0.008405977584059775,0.2727272727272727,0.011178867846426287,0.058727341154634974,False,Participante periférico en comunidad
video::b_Hkrkl3adA,b_Hkrkl3adA,Bloqueos en Guatemala este 31 de agosto por alza en combustibles afectan rutas principales,PrensaLibreOficial,News & Politics,5469,7,1,Comunidad 1,conectado,1,1,0.0,0.0,0.012060750446694461,0.391304347826087,0.008673237454790973,0.0456118099215663,False,Participante periférico en comunidad
video::is3Mk5oC19g,is3Mk5oC19g,Capturan a ladrón que había quedado grabado mientras robaba en una parroquia de Retalhuleu,TN23 Guatemala,News & Politics,4616,7,1,Comunidad 1,conectado,1,1,0.0,0.0,0.010669125395152792,0.34615384615384615,0.00860902195325891,0.04527759516031582,False,Participante periférico en comunidad
video::OkXlHx0hx-8,OkXlHx0hx-8,EE.UU. envía a mexicanos deportados a Guatemala antes de su regreso a México | Noticias Telemundo,Noticias Telemundo,News & Politics,14200,25,0,Aislado,aislado,0,0,0.0,0.0,0.0,0.0,0.0028620758795720952,0.0,False,Aislado (sin co-comentación en muestra)
video::lj983NWyAQY,lj983NWyAQY,Plan 2032 Ciudad de Guatemala,Municipalidad de Guatemala,News & Politics,304089,25,0,Aislado,aislado,0,0,0.0,0.0,0.0,0.0,0.0028620758795720952,0.0,False,Aislado (sin co-comentación en muestra)
video::TT4qJ5FXHYE,TT4qJ5FXHYE,"I’x K’at: el primer equipo guatemalteco de pelota maya, conformado únicamente por mujeres.",Quorum,News & Politics,1075,4,0,Aislado,aislado,0,0,0.0,0.0,0.0,0.0,0.0028620758795720952,0.0,False,Aislado (sin co-comentación en muestra)
video::JkpVO1hx2f8,JkpVO1hx2f8,10 Preguntas a un año del Paro Nacional,Quorum,News & Politics,673,3,0,Aislado,aislado,0,0,0.0,0.0,0.0,0.0,0.0028620758795720952,0.0,False,Aislado (sin co-comentación en muestra)
video::3Nfp9h5avBI,3Nfp9h5avBI,"Noticiero en Directo 1 pm, 28 de Agosto de 2026",Noticiero Guatevisión 13 Hrs.,News & Politics,573,2,0,Aislado,aislado,0,0,0.0,0.0,0.0,0.0,0.0028620758795720952,0.0,False,Aislado (sin co-comentación en muestra)
video::UhL9y3KUl8E,UhL9y3KUl8E,SHAI WA: la vecina queer de Casa Presidencial,Quorum,News & Politics,1755,1,0,Aislado,aislado,0,0,0.0,0.0,0.0,0.0,0.0028620758795720952,0.0,False,Aislado (sin co-comentación en muestra)
video::X_FAIef8qlE,X_FAIef8qlE,Cruzando la ciudad a puro Transmetro,Quorum,News & Politics,1140,1,0,Aislado,aislado,0,0,0.0,0.0,0.0,0.0,0.0028620758795720952,0.0,False,Aislado (sin co-comentación en muestra)
video::s0eco-BofOs,s0eco-BofOs,¿Quiénes pagan más en Centroamérica?,Quorum,News & Politics,220,1,0,Aislado,aislado,0,0,0.0,0.0,0.0,0.0,0.0028620758795720952,0.0,False,Aislado (sin co-comentación en muestra)
video::zweosulrwA8,zweosulrwA8,Edén por Salud: empleo inclusivo para personas con discapacidad en Antigua | Super - Episodio 2,Quorum,Nonprofits & Activism,52,1,0,Aislado,aislado,0,0,0.0,0.0,0.0,0.0,0.0028620758795720952,0.0,False,Aislado (sin co-comentación en muestra)
video::-5puKGEqcUc,-5puKGEqcUc,INSIVUMEH pronostica incremento de lluvias para el fin de semana en Guatemala,T13 Noticias Guatemala,News & Politics,2357,0,0,Aislado,aislado,0,0,0.0,0.0,0.0,0.0,0.0028620758795720952,0.0,False,Aislado (sin co-comentación en muestra)
video::-E7OPOLjMug,-E7OPOLjMug,BERNARDO ARÉVALO CALIFICA CAMBIO EN EL MP COMO EL FIN DE UNA ETAPA DE DETERIORO INSTITUCIONAL,IDocumenta,People & Blogs,4,0,0,Aislado,aislado,0,0,0.0,0.0,0.0,0.0,0.0028620758795720952,0.0,False,Aislado (sin co-comentación en muestra)
video::-KDglrIzRKo,-KDglrIzRKo,¡HISTÓRICO! Mexico recupera petróleo robado por Guatemala... 🔔,México Poder,People & Blogs,29736,0,0,Aislado,aislado,0,0,0.0,0.0,0.0,0.0,0.0028620758795720952,0.0,False,Aislado (sin co-comentación en muestra)
video::-O4Pa7qS9WQ,-O4Pa7qS9WQ,"Viaje completo Ciudad de Guatemala al IRTRA de Retalhuleu, menos tráfico, Diesel a Q42.59",Guate Maya Trip,Nonprofits & Activism,383,0,0,Aislado,aislado,0,0,0.0,0.0,0.0,0.0,0.0028620758795720952,0.0,False,Aislado (sin co-comentación en muestra)
video::0LTLUY7LBlA,0LTLUY7LBlA,"Qué debes saber ANTES de viajar a GUATEMALA | Dónde cambiar DINERO, adquirir INTERNET y TRANSPORTE",De viaje con Migue,Travel & Events,6099,0,0,Aislado,aislado,0,0,0.0,0.0,0.0,0.0,0.0028620758795720952,0.0,False,Aislado (sin co-comentación en muestra)
video::0a4_g1R1-aA,0a4_g1R1-aA,Acciones relevantes en el #Resumen24Horas,PNCdeGuatemala,Science & Technology,15455,0,0,Aislado,aislado,0,0,0.0,0.0,0.0,0.0,0.0028620758795720952,0.0,False,Aislado (sin co-comentación en muestra)
video::0b2vfzXdCqs,0b2vfzXdCqs,Cadena Nacional del presidente Bernardo Arévalo,Gobierno de la República de Guatemala,Entertainment,2725,0,0,Aislado,aislado,0,0,0.0,0.0,0.0,0.0,0.0028620758795720952,0.0,False,Aislado (sin co-comentación en muestra)
video::0eiVPMexNOo,0eiVPMexNOo,CONRED se pronuncia tras sismos en el territorio nacional,TN23 Guatemala,News & Politics,1875,0,0,Aislado,aislado,0,0,0.0,0.0,0.0,0.0,0.0028620758795720952,0.0,False,Aislado (sin co-comentación en muestra)
video::0iQD8zHxZIg,0iQD8zHxZIg,SE FILTRO un AUDIO de PANDILLEROS en Guatemala | DISPUTA POLITICA  Guatemala en medio de EMERGENCIA,Tras la Verdad SV,News & Politics,36701,0,0,Aislado,aislado,0,0,0.0,0.0,0.0,0.0,0.0028620758795720952,0.0,False,Aislado (sin co-comentación en muestra)
video::1-hr8eCOt_I,1-hr8eCOt_I,Este es el impacto ante el incremento del tráfico en la capital por el inicio de clases,AztecaGuate,Entertainment,289,0,0,Aislado,aislado,0,0,0.0,0.0,0.0,0.0,0.0028620758795720952,0.0,False,Aislado (sin co-comentación en muestra)
video::1HQLJycvzaQ,1HQLJycvzaQ,Conferencia de Prensa del Gobierno de Guatemala. #LaRondaGt,Gobierno de la República de Guatemala,Entertainment,1175,0,0,Aislado,aislado,0,0,0.0,0.0,0.0,0.0,0.0028620758795720952,0.0,False,Aislado (sin co-comentación en muestra)
video::1kSG-naIgqk,1kSG-naIgqk,PRIMERA SEDE MIGRATORIA REGIONAL EN CHIQUIMULA,Vicepresidencia Guate,Entertainment,48,0,0,Aislado,aislado,0,0,0.0,0.0,0.0,0.0,0.0028620758795720952,0.0,False,Aislado (sin co-comentación en muestra)
video::1w9faaYjhyU,1w9faaYjhyU,Fundación de la República de Guatemala 21 marzo 1847,El profe de Historia Gt,People & Blogs,31697,0,0,Aislado,aislado,0,0,0.0,0.0,0.0,0.0,0.0028620758795720952,0.0,False,Aislado (sin co-comentación en muestra)
video::1y61Kb9uSbg,1y61Kb9uSbg,Departamento de Tránsito de PNC certifica a 43 PMT en Educación Vial,Ministerio de Gobernación,News & Politics,471,0,0,Aislado,aislado,0,0,0.0,0.0,0.0,0.0,0.0028620758795720952,0.0,False,Aislado (sin co-comentación en muestra)
video::1yHN9Ci7pXs,1yHN9Ci7pXs,Municipalidad de Guatemala informa,Municipalidad de Guatemala,People & Blogs,1617,0,0,Aislado,aislado,0,0,0.0,0.0,0.0,0.0,0.0028620758795720952,0.0,False,Aislado (sin co-comentación en muestra)
video::2iqOSL9YguA,2iqOSL9YguA,Gabriel García Luna ya está en el MP para asumir como nuevo fiscal general,Guatevisión,Entertainment,5181,0,0,Aislado,aislado,0,0,0.0,0.0,0.0,0.0,0.0028620758795720952,0.0,False,Aislado (sin co-comentación en muestra)
video::2n31FhKmELI,2n31FhKmELI,TRÁFICO EN GUATEMALA,Fralis Maxiel Martinez,People & Blogs,512,0,0,Aislado,aislado,0,0,0.0,0.0,0.0,0.0,0.0028620758795720952,0.0,False,Aislado (sin co-comentación en muestra)
video::2p23yPpu6aQ,2p23yPpu6aQ,#Conred,Noticias-FA-Gt,People & Blogs,164,0,0,Aislado,aislado,0,0,0.0,0.0,0.0,0.0,0.0028620758795720952,0.0,False,Aislado (sin co-comentación en muestra)
video::3-jKER3zqcA,3-jKER3zqcA,VECINO VRS AGENTES DE LA PMT EN MAZATENANGO,audioschileros,People & Blogs,70811,0,0,Aislado,aislado,0,0,0.0,0.0,0.0,0.0,0.0028620758795720952,0.0,False,Aislado (sin co-comentación en muestra)
video::3LAwISMokIg,3LAwISMokIg,MUNICIPALIDAD DE GUATEMALA 17/12/2025,Concejales de Oposición - Muni Guate,People & Blogs,294,0,0,Aislado,aislado,0,0,0.0,0.0,0.0,0.0,0.0028620758795720952,0.0,False,Aislado (sin co-comentación en muestra)
video::3P2OUk7aGmc,3P2OUk7aGmc,Presidente presenta Segundo Informe Presidencial en Sesión Solemne del Congreso de la República.,Gobierno de la República de Guatemala,Entertainment,2838,0,0,Aislado,aislado,0,0,0.0,0.0,0.0,0.0,0.0028620758795720952,0.0,False,Aislado (sin co-comentación en muestra)
video::3S3KygWSjAQ,3S3KygWSjAQ,Himno de la Policía Nacional Civil de Guatemala,PNCdeGuatemala,News & Politics,53021,0,0,Aislado,aislado,0,0,0.0,0.0,0.0,0.0,0.0028620758795720952,0.0,False,Aislado (sin co-comentación en muestra)
video::3bU7I_ZpXUk,3bU7I_ZpXUk,Congreso inicia proceso para nombrar a nuevo Fiscal General en Guatemala y suceder a Consuelo Porras,PrensaLibreOficial,News & Politics,7465,0,0,Aislado,aislado,0,0,0.0,0.0,0.0,0.0,0.0028620758795720952,0.0,False,Aislado (sin co-comentación en muestra)
video::3onMfRym3OU,3onMfRym3OU,PRIMER PUENTE DONDE ARRIBA VA EL TRÁFICO Y ABAJO UN TREN EN GUATEMALA Y AMÉRICA LATINA.,Cronos Time GT,Education,4484,0,0,Aislado,aislado,0,0,0.0,0.0,0.0,0.0,0.0028620758795720952,0.0,False,Aislado (sin co-comentación en muestra)
video::45xQLtMlPdo,45xQLtMlPdo,"PRESIDENTE DE GUATEMALA, BERNARDO ARÉVALO SE REFIERE AL “DÍA INTERNACIONAL DE LA LIBERTAD DE PRENSA”",IDocumenta,People & Blogs,8,0,0,Aislado,aislado,0,0,0.0,0.0,0.0,0.0,0.0028620758795720952,0.0,False,Aislado (sin co-comentación en muestra)
video::4DD1nlxWk2s,4DD1nlxWk2s,Fuertes LLUVIAS en el JABALI; a si luce una Tarde de Tormenta 😱,VIVA GUATEMALA,Entertainment,27111,0,0,Aislado,aislado,0,0,0.0,0.0,0.0,0.0,0.0028620758795720952,0.0,False,Aislado (sin co-comentación en muestra)
video::4FUed7cIhPU,4FUed7cIhPU,El Sistema CONRED y el Gobierno de Guatemala trabajan unidos para atender emergencias.,Conred,Education,47,0,0,Aislado,aislado,0,0,0.0,0.0,0.0,0.0,0.0028620758795720952,0.0,False,Aislado (sin co-comentación en muestra)
video::4H6w9FQAcS8,4H6w9FQAcS8,"Avances en temas de economía, precios de los combustibles y otros temas de interés nacional.",Gobierno de la República de Guatemala,Entertainment,1489,0,0,Aislado,aislado,0,0,0.0,0.0,0.0,0.0,0.0028620758795720952,0.0,False,Aislado (sin co-comentación en muestra)
video::5DRG-WGTq1k,5DRG-WGTq1k,El Sistema CONRED continúa activo y trabajando de manera coordinada #VolcánDeFuego.,Conred,Education,68,0,0,Aislado,aislado,0,0,0.0,0.0,0.0,0.0,0.0028620758795720952,0.0,False,Aislado (sin co-comentación en muestra)
video::5MFnG5B7ric,5MFnG5B7ric,Municipalidad de Guatemala   09/07/2025,Concejales de Oposición - Muni Guate,People & Blogs,107,0,0,Aislado,aislado,0,0,0.0,0.0,0.0,0.0,0.0028620758795720952,0.0,False,Aislado (sin co-comentación en muestra)
video::5OhxjDvuYbQ,5OhxjDvuYbQ,"Operativos PMT ""Cero Tolerancia"" para fin de año",Municipalidad de Guatemala,News & Politics,494,0,0,Aislado,aislado,0,0,0.0,0.0,0.0,0.0,0.0028620758795720952,0.0,False,Aislado (sin co-comentación en muestra)
video::5UNxNfcSzG4,5UNxNfcSzG4,Distinción del Cambio de la Rosa de la Paz a Pedro Castro López del INACOP,Gobierno de la República de Guatemala,Entertainment,741,0,0,Aislado,aislado,0,0,0.0,0.0,0.0,0.0,0.0028620758795720952,0.0,False,Aislado (sin co-comentación en muestra)
video::5Y7fntl6Rc8,5Y7fntl6Rc8,Cómo llegar a TIKAL desde Ciudad de GUATEMALA en autobús o en Avión | transporte a PETÉN,De viaje con Migue,Travel & Events,11061,0,0,Aislado,aislado,0,0,0.0,0.0,0.0,0.0,0.0028620758795720952,0.0,False,Aislado (sin co-comentación en muestra)
video::5nw9G1vwnYY,5nw9G1vwnYY,Actriz guatemalteca caracteriza a Consuelo Porras frente al MP por salida del cargo,PrensaLibreOficial,News & Politics,40327,0,0,Aislado,aislado,0,0,0.0,0.0,0.0,0.0,0.0028620758795720952,0.0,False,Aislado (sin co-comentación en muestra)
video::677N9cx_kKE,677N9cx_kKE,Carlos Pineda Seguridad I - Guatemala tiene solución | Ep. 2,Carlos Pineda,People & Blogs,8568,0,0,Aislado,aislado,0,0,0.0,0.0,0.0,0.0,0.0028620758795720952,0.0,False,Aislado (sin co-comentación en muestra)
video::6KlI_geqPOI,6KlI_geqPOI,Conferencia de Prensa del Gobierno de Guatemala. #LaRondaGt.,Gobierno de la República de Guatemala,Entertainment,2301,0,0,Aislado,aislado,0,0,0.0,0.0,0.0,0.0,0.0028620758795720952,0.0,False,Aislado (sin co-comentación en muestra)
video::6Wf0ItQUaDU,6Wf0ItQUaDU,“Queremos generar 60 mil empleos”: Victorino Carranza revela el plan y las pérdidas de la Gremipe,Campus TV,News & Politics,2,0,0,Aislado,aislado,0,0,0.0,0.0,0.0,0.0,0.0028620758795720952,0.0,False,Aislado (sin co-comentación en muestra)
video::6y3KQmmg3Oc,6y3KQmmg3Oc,Noticiero El Informativo. Nuestra semana de resultados.,Gobierno de la República de Guatemala,Entertainment,303,0,0,Aislado,aislado,0,0,0.0,0.0,0.0,0.0,0.0028620758795720952,0.0,False,Aislado (sin co-comentación en muestra)
video::6z2Psav9Onw,6z2Psav9Onw,Conferencia de Prensa del Gobierno de Guatemala. #LaRondaGt,Gobierno de la República de Guatemala,Entertainment,848,0,0,Aislado,aislado,0,0,0.0,0.0,0.0,0.0,0.0028620758795720952,0.0,False,Aislado (sin co-comentación en muestra)
video::74F3Mn_NWoE,74F3Mn_NWoE,"Acto de Graduación de los Cursos de Formación, Ascenso y Especialización Policial de la PNC.",Gobierno de la República de Guatemala,Entertainment,1197,0,0,Aislado,aislado,0,0,0.0,0.0,0.0,0.0,0.0028620758795720952,0.0,False,Aislado (sin co-comentación en muestra)
video::7JerBdHtkWA,7JerBdHtkWA,Cambio de horarios en Municipalidad de Guatemala,Canal 3 Guatemala,News & Politics,215,0,0,Aislado,aislado,0,0,0.0,0.0,0.0,0.0,0.0028620758795720952,0.0,False,Aislado (sin co-comentación en muestra)
video::7hfUg8Z-W2o,7hfUg8Z-W2o,Conferencia de Prensa del Gobierno de Guatemala. #LaRondaGt.,Gobierno de la República de Guatemala,Entertainment,2449,0,0,Aislado,aislado,0,0,0.0,0.0,0.0,0.0,0.0028620758795720952,0.0,False,Aislado (sin co-comentación en muestra)
video::7kuHyjwuE_o,7kuHyjwuE_o,Centro Municipal de Emprendimiento - Municipalidad de Guatemala,Centro Municipal de Emprendimiento MuniGuate,Entertainment,528,0,0,Aislado,aislado,0,0,0.0,0.0,0.0,0.0,0.0028620758795720952,0.0,False,Aislado (sin co-comentación en muestra)
video::7mdtGeIHQnE,7mdtGeIHQnE,"#LHEnContexto: Gestión de riesgos en GUATEMALA: Lo que debes saber, explicado por la CONRED",La Hora,News & Politics,570,0,0,Aislado,aislado,0,0,0.0,0.0,0.0,0.0,0.0028620758795720952,0.0,False,Aislado (sin co-comentación en muestra)
video::8CuQ2_HTaN0,8CuQ2_HTaN0,Conferencia de Prensa del Gobierno de Guatemala.,Gobierno de la República de Guatemala,Entertainment,735,0,0,Aislado,aislado,0,0,0.0,0.0,0.0,0.0,0.0028620758795720952,0.0,False,Aislado (sin co-comentación en muestra)
video::8n6momRcC04,8n6momRcC04,Mantenimiento constante,Municipalidad de Guatemala,News & Politics,91,0,0,Aislado,aislado,0,0,0.0,0.0,0.0,0.0,0.0028620758795720952,0.0,False,Aislado (sin co-comentación en muestra)
video::90oVm0P4_9Q,90oVm0P4_9Q,"El MINGOB a través del Viceministerio de Seguridad, combate  el crimen organizado.",Ministerio de Gobernación,News & Politics,5,0,0,Aislado,aislado,0,0,0.0,0.0,0.0,0.0,0.0028620758795720952,0.0,False,Aislado (sin co-comentación en muestra)
video::9BIrwWQUdb8,9BIrwWQUdb8,"Capturan a ""guardián"" de parqueo utilizado por la mara Salvatrucha e incautan 5 vehículos robados.",PNCdeGuatemala,Science & Technology,23972,0,0,Aislado,aislado,0,0,0.0,0.0,0.0,0.0,0.0028620758795720952,0.0,False,Aislado (sin co-comentación en muestra)
video::9Jacxvi9umU,9Jacxvi9umU,Los responsables de bloquear información en Guatecompras,Somos El Combo,Entertainment,7340,0,0,Aislado,aislado,0,0,0.0,0.0,0.0,0.0,0.0028620758795720952,0.0,False,Aislado (sin co-comentación en muestra)
video::9XFVeHiWDTo,9XFVeHiWDTo,En #LaRondaGT conoce las acciones que impulsamos para modernizar los puertos y aeropuertos del país.,Gobierno de la República de Guatemala,Entertainment,1516,0,0,Aislado,aislado,0,0,0.0,0.0,0.0,0.0,0.0028620758795720952,0.0,False,Aislado (sin co-comentación en muestra)
video::9h7d1iDFaqo,9h7d1iDFaqo,Vuelve el tráfico lento en la ciudad capital,PrensaLibreOficial,News & Politics,11396,0,0,Aislado,aislado,0,0,0.0,0.0,0.0,0.0,0.0028620758795720952,0.0,False,Aislado (sin co-comentación en muestra)
video::9wHujSu-nbQ,9wHujSu-nbQ,Quorum,Quorum,News & Politics,459,0,0,Aislado,aislado,0,0,0.0,0.0,0.0,0.0,0.0028620758795720952,0.0,False,Aislado (sin co-comentación en muestra)
video::AHzfpOL5sgw,AHzfpOL5sgw,Sistema de gobierno de Guatemala 🇬🇹,SUM Estudios Jurídicos.,Education,2895,0,0,Aislado,aislado,0,0,0.0,0.0,0.0,0.0,0.0028620758795720952,0.0,False,Aislado (sin co-comentación en muestra)
video::Aa7hIDCRh3g,Aa7hIDCRh3g,Este BUS me LLEVO a UN PARAISO EN GUATEMALA,De todo Gt,People & Blogs,504374,0,0,Aislado,aislado,0,0,0.0,0.0,0.0,0.0,0.0028620758795720952,0.0,False,Aislado (sin co-comentación en muestra)
video::AakUTlieyH0,AakUTlieyH0,Crisis de seguridad en Guatemala,Canal Antigua,News & Politics,733,0,0,Aislado,aislado,0,0,0.0,0.0,0.0,0.0,0.0028620758795720952,0.0,False,Aislado (sin co-comentación en muestra)
video::Ab0RrbzxyBU,Ab0RrbzxyBU,Municipalidad de Guatemala 17/11/2025,Concejales de Oposición - Muni Guate,People & Blogs,117,0,0,Aislado,aislado,0,0,0.0,0.0,0.0,0.0,0.0028620758795720952,0.0,False,Aislado (sin co-comentación en muestra)
video::AlbPEU3rbZs,AlbPEU3rbZs,Conferencia de Prensa del Gobierno de Guatemala. #LaRondaGt,Gobierno de la República de Guatemala,Entertainment,870,0,0,Aislado,aislado,0,0,0.0,0.0,0.0,0.0,0.0028620758795720952,0.0,False,Aislado (sin co-comentación en muestra)
video::ArljwpsURdY,ArljwpsURdY,"Entrevista especial con Claudinne Ogaldes, Secretaria Ejecutiva de la SE-CONRED",Conred,Education,416,0,0,Aislado,aislado,0,0,0.0,0.0,0.0,0.0,0.0028620758795720952,0.0,False,Aislado (sin co-comentación en muestra)
video::B60bWqpVUIE,B60bWqpVUIE,Así es el transporte público en Ciudad de Guatemala,PaulinoG,Travel & Events,96794,0,0,Aislado,aislado,0,0,0.0,0.0,0.0,0.0,0.0028620758795720952,0.0,False,Aislado (sin co-comentación en muestra)
video::BLc_KXPng9g,BLc_KXPng9g,Conferencia de Prensa del Gobierno de Guatemala. #LaRondaGT,Gobierno de la República de Guatemala,Entertainment,720,0,0,Aislado,aislado,0,0,0.0,0.0,0.0,0.0,0.0028620758795720952,0.0,False,Aislado (sin co-comentación en muestra)
video::BUNeDEi0yVU,BUNeDEi0yVU,CIV LICITACIÓN 800 KM 110717,CIV -Ministerio de Comunicaciones,People & Blogs,26,0,0,Aislado,aislado,0,0,0.0,0.0,0.0,0.0,0.0028620758795720952,0.0,False,Aislado (sin co-comentación en muestra)
video::BW41jT3t3oI,BW41jT3t3oI,Provial,PROVIAL-CIV,People & Blogs,79,0,0,Aislado,aislado,0,0,0.0,0.0,0.0,0.0,0.0028620758795720952,0.0,False,Aislado (sin co-comentación en muestra)
video::BbAeamItalk,BbAeamItalk,ZARAGOZA DA UN PASO HACIA EL FORTALECIMIENTO DEL DEPORTE CON NUEVA CIUDAD DEPORTIVA,IDocumenta,News & Politics,7,0,0,Aislado,aislado,0,0,0.0,0.0,0.0,0.0,0.0028620758795720952,0.0,False,Aislado (sin co-comentación en muestra)
video::Bdn2nxDqQ90,Bdn2nxDqQ90,Video Viral de PMT / GUATEMALA,carlos del cid,Film & Animation,2482,0,0,Aislado,aislado,0,0,0.0,0.0,0.0,0.0,0.0028620758795720952,0.0,False,Aislado (sin co-comentación en muestra)
video::Bi34XvRV6AM,Bi34XvRV6AM,Plan de Evacuación CONRED,MESCOGT,People & Blogs,58,0,0,Aislado,aislado,0,0,0.0,0.0,0.0,0.0,0.0028620758795720952,0.0,False,Aislado (sin co-comentación en muestra)
video::BnZFUzpEDe4,BnZFUzpEDe4,Municipalidad de Guatemala se moderniza,Municipalidad de Guatemala,People & Blogs,642,0,0,Aislado,aislado,0,0,0.0,0.0,0.0,0.0,0.0028620758795720952,0.0,False,Aislado (sin co-comentación en muestra)
video::Boj5GILjbI0,Boj5GILjbI0,"Spot Rendición de Cuentas, segundo cuatrimestre 2023 - 2",CIV -Ministerio de Comunicaciones,People & Blogs,26,0,0,Aislado,aislado,0,0,0.0,0.0,0.0,0.0,0.0028620758795720952,0.0,False,Aislado (sin co-comentación en muestra)
video::Bp4LtQT8Hk0,Bp4LtQT8Hk0,"Ciudad de Guatemala, el mejor lugar para vivir",Municipalidad de Guatemala,Entertainment,4265,0,0,Aislado,aislado,0,0,0.0,0.0,0.0,0.0,0.0028620758795720952,0.0,False,Aislado (sin co-comentación en muestra)
video::C5hJmAhpMMQ,C5hJmAhpMMQ,"YOUTUBE PUNTO DE ENFOQUE MARIO MEJÍA, SUBDIRECTOR DE INSIVUMEH",INSIVUMEH,Science & Technology,79,0,0,Aislado,aislado,0,0,0.0,0.0,0.0,0.0,0.0028620758795720952,0.0,False,Aislado (sin co-comentación en muestra)
video::C8wk4HWwWyM,C8wk4HWwWyM,Duro golpe al crimen organizado en Granja Penal de Pavón.,Gobierno de la República de Guatemala,Entertainment,2214,0,0,Aislado,aislado,0,0,0.0,0.0,0.0,0.0,0.0028620758795720952,0.0,False,Aislado (sin co-comentación en muestra)
video::CDg6kLRfiqQ,CDg6kLRfiqQ,Acciones relevantes en el #Resumen24Horas,PNCdeGuatemala,Science & Technology,11048,0,0,Aislado,aislado,0,0,0.0,0.0,0.0,0.0,0.0028620758795720952,0.0,False,Aislado (sin co-comentación en muestra)
video::CJQ46Hr4HcU,CJQ46Hr4HcU,Municipalidad de Guatemala  19/12/2025,Concejales de Oposición - Muni Guate,People & Blogs,222,0,0,Aislado,aislado,0,0,0.0,0.0,0.0,0.0,0.0028620758795720952,0.0,False,Aislado (sin co-comentación en muestra)
video::D3fRGjqHeHI,D3fRGjqHeHI,"Spot Rendición de Cuentas, segundo cuatrimestre 2023 - 1",CIV -Ministerio de Comunicaciones,People & Blogs,23,0,0,Aislado,aislado,0,0,0.0,0.0,0.0,0.0,0.0028620758795720952,0.0,False,Aislado (sin co-comentación en muestra)
video::D4CEpAfkkPI,D4CEpAfkkPI,Policías arremeten contra agente de PMT en zona 10,PrensaLibreOficial,News & Politics,79044,0,0,Aislado,aislado,0,0,0.0,0.0,0.0,0.0,0.0028620758795720952,0.0,False,Aislado (sin co-comentación en muestra)
video::DBvMeKT4gzo,DBvMeKT4gzo,La Familia MÁS RICA de GUATEMALA… Ni la Guerra les Quitó el Trono y Hoy son DUEÑOS de tu CERVEZA,Fortuna Latina,People & Blogs,58881,0,0,Aislado,aislado,0,0,0.0,0.0,0.0,0.0,0.0028620758795720952,0.0,False,Aislado (sin co-comentación en muestra)
video::DC1_qrLUvHI,DC1_qrLUvHI,Municipalidad de Guatemala 26/08/2026,Concejales de Oposición - Muni Guate,People & Blogs,49,0,0,Aislado,aislado,0,0,0.0,0.0,0.0,0.0,0.0028620758795720952,0.0,False,Aislado (sin co-comentación en muestra)
video::DMAKF8n0XJs,DMAKF8n0XJs,Guatemala TV • ID (2024-2026),Mdpls²,Film & Animation,367,0,0,Aislado,aislado,0,0,0.0,0.0,0.0,0.0,0.0028620758795720952,0.0,False,Aislado (sin co-comentación en muestra)
video::DX5eT-hVU8Q,DX5eT-hVU8Q,250 años Ciudad de Guatemala,Municipalidad de Guatemala,News & Politics,491,0,0,Aislado,aislado,0,0,0.0,0.0,0.0,0.0,0.0028620758795720952,0.0,False,Aislado (sin co-comentación en muestra)
video::DkxSkQipYwo,DkxSkQipYwo,PRESIDENTE BERNARDO ARÉVALO PARTICIPA EN EL ACTO CONMEMORATIVO DEL DÍA DEL EJÉRCITO,IDocumenta,News & Politics,66,0,0,Aislado,aislado,0,0,0.0,0.0,0.0,0.0,0.0028620758795720952,0.0,False,Aislado (sin co-comentación en muestra)
video::EGfy1BxGLIk,EGfy1BxGLIk,Colabore con las medidas de la PMT,Municipalidad de Guatemala,Education,1437,0,0,Aislado,aislado,0,0,0.0,0.0,0.0,0.0,0.0028620758795720952,0.0,False,Aislado (sin co-comentación en muestra)
video::ELhvo8YnYnI,ELhvo8YnYnI,Insivumeh prevé lluvias fuertes por dos ondas del este,TN23 Guatemala,News & Politics,5182,0,0,Aislado,aislado,0,0,0.0,0.0,0.0,0.0,0.0028620758795720952,0.0,False,Aislado (sin co-comentación en muestra)
video::EQDcEgFpXCk,EQDcEgFpXCk,Guatemala: Gobierno refuerza lucha contra las pandillas en medio de crisis de seguridad,FRANCE 24 Español,News & Politics,5459,0,0,Aislado,aislado,0,0,0.0,0.0,0.0,0.0,0.0028620758795720952,0.0,False,Aislado (sin co-comentación en muestra)
video::EZfm-05qtWo,EZfm-05qtWo,Municipalidad de Guatemala prepara plan de actividades en Semana Santa 2023,Cucurucho en Guatemala,People & Blogs,128,0,0,Aislado,aislado,0,0,0.0,0.0,0.0,0.0,0.0028620758795720952,0.0,False,Aislado (sin co-comentación en muestra)
video::F72Rdq5crG4,F72Rdq5crG4,Cambios en el Ministerio de Comunicaciones: Salen Lizzette Benítez y Adrián Zapata Alamilla,Canal Antigua,News & Politics,1441,0,0,Aislado,aislado,0,0,0.0,0.0,0.0,0.0,0.0028620758795720952,0.0,False,Aislado (sin co-comentación en muestra)
video::FEc1BCuBiDg,FEc1BCuBiDg,¡Estamos con ustedes!,Municipalidad de Guatemala,News & Politics,1562,0,0,Aislado,aislado,0,0,0.0,0.0,0.0,0.0,0.0028620758795720952,0.0,False,Aislado (sin co-comentación en muestra)
video::FQP4JTo9ShA,FQP4JTo9ShA,Rafael Carrera y el nacimiento de Guatemala,MundoHistoria,Education,1420,0,0,Aislado,aislado,0,0,0.0,0.0,0.0,0.0,0.0028620758795720952,0.0,False,Aislado (sin co-comentación en muestra)
video::FU5zLTb4inc,FU5zLTb4inc,#EnVivoDCA | Conferencia de prensa del Gobierno de Guatemala,Diario de Centro América,News & Politics,549,0,0,Aislado,aislado,0,0,0.0,0.0,0.0,0.0,0.0028620758795720952,0.0,False,Aislado (sin co-comentación en muestra)
video::Fapc1-8m5Zc,Fapc1-8m5Zc,Municipalidad de Guatemala 21/11/2025,Concejales de Oposición - Muni Guate,People & Blogs,282,0,0,Aislado,aislado,0,0,0.0,0.0,0.0,0.0,0.0028620758795720952,0.0,False,Aislado (sin co-comentación en muestra)
video::Fb2Ccfq5S9w,Fb2Ccfq5S9w,Reo y su esposa fueron asesinados dentro del Preventivo de zona 18,TN23 Guatemala,News & Politics,15431,0,0,Aislado,aislado,0,0,0.0,0.0,0.0,0.0,0.0028620758795720952,0.0,False,Aislado (sin co-comentación en muestra)
video::FuTz67jS7m0,FuTz67jS7m0,124 nuevos brigadas refuerzan la seguridad vial en Guatemala,PROVIAL-CIV,Education,45,0,0,Aislado,aislado,0,0,0.0,0.0,0.0,0.0,0.0028620758795720952,0.0,False,Aislado (sin co-comentación en muestra)
video::G2u4Rbq7zU4,G2u4Rbq7zU4,Arévalo anuncia nueva cárcel de máxima seguridad en Guatemala,TN23 Guatemala,News & Politics,6327,0,0,Aislado,aislado,0,0,0.0,0.0,0.0,0.0,0.0028620758795720952,0.0,False,Aislado (sin co-comentación en muestra)
video::GgU7qhmf020,GgU7qhmf020,Sueños GT: educación para la niñez de vendedores ambulantes en Antigua | Super - Episodio 1,Quorum,Nonprofits & Activism,167,0,0,Aislado,aislado,0,0,0.0,0.0,0.0,0.0,0.0028620758795720952,0.0,False,Aislado (sin co-comentación en muestra)
video::GjGMSFSE1gY,GjGMSFSE1gY,"“Gracias a dios, no hay reelección” 🤡",Quorum,News & Politics,130,0,0,Aislado,aislado,0,0,0.0,0.0,0.0,0.0,0.0028620758795720952,0.0,False,Aislado (sin co-comentación en muestra)
video::HMJXf1VdM5E,HMJXf1VdM5E,Lluvia inusual de Martes Santo provoca inundaciones en zona 1 de Villa Nueva,PrensaLibreOficial,News & Politics,1688,0,0,Aislado,aislado,0,0,0.0,0.0,0.0,0.0,0.0028620758795720952,0.0,False,Aislado (sin co-comentación en muestra)
video::H_TGv_cMwww,H_TGv_cMwww,PMT: La fuerza laboral reguladora del tránsito más grande,Municipalidad de Guatemala,News & Politics,2383,0,0,Aislado,aislado,0,0,0.0,0.0,0.0,0.0,0.0028620758795720952,0.0,False,Aislado (sin co-comentación en muestra)
video::I277M6i4jnY,I277M6i4jnY,Gestión del Riesgo de Desastres desde las comunidades.,Gobierno de la República de Guatemala,Entertainment,242,0,0,Aislado,aislado,0,0,0.0,0.0,0.0,0.0,0.0028620758795720952,0.0,False,Aislado (sin co-comentación en muestra)
video::IZLflL4Hgco,IZLflL4Hgco,El ciudadano Toriello da un paso al frente,TanGente Podcast,Entertainment,28013,0,0,Aislado,aislado,0,0,0.0,0.0,0.0,0.0,0.0028620758795720952,0.0,False,Aislado (sin co-comentación en muestra)
video::IcF9rRdAtp8,IcF9rRdAtp8,Ministro de Comunicaciones Alejandro Sinibaldi realiza supervisión en la Ruta CA-1 Occidente,Ministerio de Comunicaciones Infraestructura y Vivienda,People & Blogs,211,0,0,Aislado,aislado,0,0,0.0,0.0,0.0,0.0,0.0028620758795720952,0.0,False,Aislado (sin co-comentación en muestra)
video::J6ctng-yAnI,J6ctng-yAnI,CIV PROVIAL GRADUACIÓN XV PROMOCIÓN BRIGADAS 140619,CIV -Ministerio de Comunicaciones,People & Blogs,2981,0,0,Aislado,aislado,0,0,0.0,0.0,0.0,0.0,0.0028620758795720952,0.0,False,Aislado (sin co-comentación en muestra)
video::JErfmk-TlRg,JErfmk-TlRg,Rendición de Cuentas - Primer Cuatrimestre 2023,CIV -Ministerio de Comunicaciones,People & Blogs,32,0,0,Aislado,aislado,0,0,0.0,0.0,0.0,0.0,0.0028620758795720952,0.0,False,Aislado (sin co-comentación en muestra)
video::J_HBzJUTOus,J_HBzJUTOus,Presentan estrategia nacional para prevenir violencia durante recorridos de antorchas,Ministerio de Gobernación,News & Politics,17,0,0,Aislado,aislado,0,0,0.0,0.0,0.0,0.0,0.0028620758795720952,0.0,False,Aislado (sin co-comentación en muestra)
video::JdxHJkQjM50,JdxHJkQjM50,🚡 ¿Cómo va avanzando #AeroMetroGT?,Municipalidad de Guatemala,News & Politics,20901,0,0,Aislado,aislado,0,0,0.0,0.0,0.0,0.0,0.0028620758795720952,0.0,False,Aislado (sin co-comentación en muestra)
video::JgmCtBQWNL8,JgmCtBQWNL8,Conferencia de Prensa del Gobierno de Guatemala. #LaRondaGt,Gobierno de la República de Guatemala,Entertainment,1165,0,0,Aislado,aislado,0,0,0.0,0.0,0.0,0.0,0.0028620758795720952,0.0,False,Aislado (sin co-comentación en muestra)
video::Jr1hJ92H_Nc,Jr1hJ92H_Nc,"#SinMáscaras | GUERRA SUCIA PERO SUCIA EN SERIO LLEGA A TV AZTECA CON AMPARO, CAMIN Y CASTAÑEDA",Manuel Pedrero,News & Politics,62941,0,0,Aislado,aislado,0,0,0.0,0.0,0.0,0.0,0.0028620758795720952,0.0,False,Aislado (sin co-comentación en muestra)
video::K1IA6oTGws8,K1IA6oTGws8,#EnVivoDCA | Conferencia de prensa del Gobierno de Guatemala,Diario de Centro América,News & Politics,530,0,0,Aislado,aislado,0,0,0.0,0.0,0.0,0.0,0.0028620758795720952,0.0,False,Aislado (sin co-comentación en muestra)
video::K2qWcueeMOc,K2qWcueeMOc,#EnvivoDCA | Conferencia de prensa de Gobierno de Guatemala,Diario de Centro América,News & Politics,802,0,0,Aislado,aislado,0,0,0.0,0.0,0.0,0.0,0.0028620758795720952,0.0,False,Aislado (sin co-comentación en muestra)
video::K50uijsHnAM,K50uijsHnAM,Informe desde Ciudad de Guatemala: crisis de seguridad tras ataques contra la Policía,FRANCE 24 Español,News & Politics,135249,0,0,Aislado,aislado,0,0,0.0,0.0,0.0,0.0,0.0028620758795720952,0.0,False,Aislado (sin co-comentación en muestra)
video::KIO6wIJXYY0,KIO6wIJXYY0,"Se tiene que cambiar el sistema electoral en Guatemala, asegura exfiscal",CNN en Español,News & Politics,16830,0,0,Aislado,aislado,0,0,0.0,0.0,0.0,0.0,0.0028620758795720952,0.0,False,Aislado (sin co-comentación en muestra)
video::KWCyMd4dxkY,KWCyMd4dxkY,Recorrido de los 21K BAM de la Municipalidad de Guatemala,Municipalidad de Guatemala,News & Politics,13077,0,0,Aislado,aislado,0,0,0.0,0.0,0.0,0.0,0.0028620758795720952,0.0,False,Aislado (sin co-comentación en muestra)
video::KkNQhX_kg8A,KkNQhX_kg8A,🇬🇹HISTORIA de GUATEMALA en 17 minutos🇬🇹 - El Mapa de Sebas,El Mapa de Sebas,Education,749356,0,0,Aislado,aislado,0,0,0.0,0.0,0.0,0.0,0.0028620758795720952,0.0,False,Aislado (sin co-comentación en muestra)
video::LRzZy8xBrjA,LRzZy8xBrjA,Conferencia de prensa ante el incremento de los combustibles.,Gobierno de la República de Guatemala,Entertainment,670,0,0,Aislado,aislado,0,0,0.0,0.0,0.0,0.0,0.0028620758795720952,0.0,False,Aislado (sin co-comentación en muestra)
video::LeN6wpNIB-4,LeN6wpNIB-4,GUATEMALA RECIBE 135 NICARAGUENESES LIBERADOS POR ORTEGA,IDocumenta,People & Blogs,28,0,0,Aislado,aislado,0,0,0.0,0.0,0.0,0.0,0.0028620758795720952,0.0,False,Aislado (sin co-comentación en muestra)
video::LqY_vAsa4PY,LqY_vAsa4PY,“Guatemala: Una historia escrita con corrupción”,PFNSE MEDIA,News & Politics,2291,0,0,Aislado,aislado,0,0,0.0,0.0,0.0,0.0,0.0028620758795720952,0.0,False,Aislado (sin co-comentación en muestra)
video::MMECHN8SFNw,MMECHN8SFNw,"Noticiero en Directo 1 pm, 27 de Agosto de 2026",Noticiero Guatevisión 13 Hrs.,News & Politics,4838,0,0,Aislado,aislado,0,0,0.0,0.0,0.0,0.0,0.0028620758795720952,0.0,False,Aislado (sin co-comentación en muestra)
video::MRJ9mKnXR9M,MRJ9mKnXR9M,Labor de la PMT es honesta aseguran vecinos,Municipalidad de Guatemala,People & Blogs,1075,0,0,Aislado,aislado,0,0,0.0,0.0,0.0,0.0,0.0028620758795720952,0.0,False,Aislado (sin co-comentación en muestra)
video::MdIa2Dtj77I,MdIa2Dtj77I,"Consejos para tu viaje a Guatemala: hospedaje, telefonía, transporte y más!   ✈️ 🇬🇹",Aventuras de una programadora,People & Blogs,134775,0,0,Aislado,aislado,0,0,0.0,0.0,0.0,0.0,0.0028620758795720952,0.0,False,Aislado (sin co-comentación en muestra)
video::Mh94uXZvCLo,Mh94uXZvCLo,DE LOS BOTS AL RECHAZO: CERIMEDO Y LA “GUERRILLA DE LAS REDES” | CAPÍTULO 3 DE 8,La  Coma,News & Politics,21,0,0,Aislado,aislado,0,0,0.0,0.0,0.0,0.0,0.0028620758795720952,0.0,False,Aislado (sin co-comentación en muestra)
video::Mme4XikKnlc,Mme4XikKnlc,Municipalidad anuncia 111 nuevos autobuses y 17 rutas para mejorar el transporte en la capital,PrensaLibreOficial,News & Politics,3146,0,0,Aislado,aislado,0,0,0.0,0.0,0.0,0.0,0.0028620758795720952,0.0,False,Aislado (sin co-comentación en muestra)
video::N1QkRu38BFE,N1QkRu38BFE,¡YA CAYÓ ALITO MORENO! ALERTA LO DESTITUYEN DIPUTADOS VOTAN PARA SACARLO DEL SENADO! CLAUDIA INFORMA,Alexis Burelo,News & Politics,15747,0,0,Aislado,aislado,0,0,0.0,0.0,0.0,0.0,0.0028620758795720952,0.0,False,Aislado (sin co-comentación en muestra)
video::NCvoO61aIfw,NCvoO61aIfw,Ya casi! Así avanza el Aerómetro que cambiará el transporte en Guatemala,One Life,Entertainment,26744,0,0,Aislado,aislado,0,0,0.0,0.0,0.0,0.0,0.0028620758795720952,0.0,False,Aislado (sin co-comentación en muestra)
video::NcIcixCdQH4,NcIcixCdQH4,PNC garantiza seguridad a turistas que visitan el colcán de Agua,PNCdeGuatemala,Science & Technology,7681,0,0,Aislado,aislado,0,0,0.0,0.0,0.0,0.0,0.0028620758795720952,0.0,False,Aislado (sin co-comentación en muestra)
video::Nc_Iy0MriYw,Nc_Iy0MriYw,🛑🛑Actualización PROVIAL🛑🛑,PROVIAL-CIV,News & Politics,179,0,0,Aislado,aislado,0,0,0.0,0.0,0.0,0.0,0.0028620758795720952,0.0,False,Aislado (sin co-comentación en muestra)
video::NnKpTEfhWjI,NnKpTEfhWjI,✅ ASÍ es una EXHIBICION DE BUSES EN GUATEMALA,De todo Gt,Travel & Events,424874,0,0,Aislado,aislado,0,0,0.0,0.0,0.0,0.0,0.0028620758795720952,0.0,False,Aislado (sin co-comentación en muestra)
video::O6gI0ooBM3E,O6gI0ooBM3E,¿Cómo es el tráfico en Guatemala? 56 días perdidos cada año y una emergencia nacional,República TV,News & Politics,16786,0,0,Aislado,aislado,0,0,0.0,0.0,0.0,0.0,0.0028620758795720952,0.0,False,Aislado (sin co-comentación en muestra)
video::OXf_VvvyIDw,OXf_VvvyIDw,Municipalidad de Guatemala 31/08/2026,Concejales de Oposición - Muni Guate,People & Blogs,28,0,0,Aislado,aislado,0,0,0.0,0.0,0.0,0.0,0.0028620758795720952,0.0,False,Aislado (sin co-comentación en muestra)
video::OgOICSTSa7k,OgOICSTSa7k,¡DÉJAME VIVIR! GUATEMALA INTENSIFICA LA LUCHA CONTRA LA CACERÍA ILEGAL DE FAUNA SILVESTRE,IDocumenta,News & Politics,6,0,0,Aislado,aislado,0,0,0.0,0.0,0.0,0.0,0.0028620758795720952,0.0,False,Aislado (sin co-comentación en muestra)
video::On7jqOm1bpg,On7jqOm1bpg,🌟Seguimos avanzando🌱,CIV -Ministerio de Comunicaciones,News & Politics,10,0,0,Aislado,aislado,0,0,0.0,0.0,0.0,0.0,0.0028620758795720952,0.0,False,Aislado (sin co-comentación en muestra)
video::Oy6sKBhduu4,Oy6sKBhduu4,"Realizan Reunión Ordinaria de #CODEDE, 25 de febrero 2025.",Camarita Castro GT,People & Blogs,84,0,0,Aislado,aislado,0,0,0.0,0.0,0.0,0.0,0.0028620758795720952,0.0,False,Aislado (sin co-comentación en muestra)
video::Oztw_Hta52I,Oztw_Hta52I,TRAFICO EN GUATEMALA,CHAPINISIMO,Entertainment,2326,0,0,Aislado,aislado,0,0,0.0,0.0,0.0,0.0,0.0028620758795720952,0.0,False,Aislado (sin co-comentación en muestra)
video::PMaSDoG0H1U,PMaSDoG0H1U,¿Adiós al tráfico? Así es la nueva carretera Radial 6 para Guatemala,La Red 1061,News & Politics,60,0,0,Aislado,aislado,0,0,0.0,0.0,0.0,0.0,0.0028620758795720952,0.0,False,Aislado (sin co-comentación en muestra)
video::Pg1qw0KJI4E,Pg1qw0KJI4E,"Surgen detalles de la masacre en Boca del Monte: madre de un bombero e influencer, entre víctimas",PrensaLibreOficial,News & Politics,20503,0,0,Aislado,aislado,0,0,0.0,0.0,0.0,0.0,0.0028620758795720952,0.0,False,Aislado (sin co-comentación en muestra)
video::Q-MNTYsZgk4,Q-MNTYsZgk4,¿Qué ha pasado con la contaminación del aire?,Quorum,News & Politics,45,0,0,Aislado,aislado,0,0,0.0,0.0,0.0,0.0,0.0028620758795720952,0.0,False,Aislado (sin co-comentación en muestra)
video::Q7j1OUxkn9w,Q7j1OUxkn9w,Dañan puerta del área de parqueo del Congreso,InfoGT Noticias,People & Blogs,4725,0,0,Aislado,aislado,0,0,0.0,0.0,0.0,0.0,0.0028620758795720952,0.0,False,Aislado (sin co-comentación en muestra)
video::Q7nhEeibBK4,Q7nhEeibBK4,Desfile navideño 2024  -   @MunicipalidaddeGuatemala-1551,ALIS MOLINA CREA,Entertainment,255,0,0,Aislado,aislado,0,0,0.0,0.0,0.0,0.0,0.0028620758795720952,0.0,False,Aislado (sin co-comentación en muestra)
video::QUG4etpjgos,QUG4etpjgos,Guatemala Habla sobre la seguridad en el país,Diario de Centro América,News & Politics,35,0,0,Aislado,aislado,0,0,0.0,0.0,0.0,0.0,0.0028620758795720952,0.0,False,Aislado (sin co-comentación en muestra)
video::Qc_oHqe4Cjc,Qc_oHqe4Cjc,QUÉ GUARDAS EN LA CINTURA?  🔫🥕🥓🐷🤔@lilyvlogs6899 @ElJuanete1987 @Soychap1n @SimplementeFlori,CANALES ROBOS Y MENTIRAS 💰🧐,People & Blogs,2166,0,0,Aislado,aislado,0,0,0.0,0.0,0.0,0.0,0.0028620758795720952,0.0,False,Aislado (sin co-comentación en muestra)
video::R-fRv_WoZOE,R-fRv_WoZOE,Conferencia de Prensa del Gobierno de Guatemala. #LaRondaGT,Gobierno de la República de Guatemala,Entertainment,1284,0,0,Aislado,aislado,0,0,0.0,0.0,0.0,0.0,0.0028620758795720952,0.0,False,Aislado (sin co-comentación en muestra)
video::RIpKKQh26cg,RIpKKQh26cg,Ejército de Guatemala descubre túnel para fuga masiva en penal de Pavón,TN23 Guatemala,News & Politics,29782,0,0,Aislado,aislado,0,0,0.0,0.0,0.0,0.0,0.0028620758795720952,0.0,False,Aislado (sin co-comentación en muestra)
video::RjG-y7Y2-k4,RjG-y7Y2-k4,#EnVivoDCA | Conferencia de prensa del Gobierno de Guatemala,Diario de Centro América,News & Politics,239,0,0,Aislado,aislado,0,0,0.0,0.0,0.0,0.0,0.0028620758795720952,0.0,False,Aislado (sin co-comentación en muestra)
video::Rk-3ks9mh3o,Rk-3ks9mh3o,CIV ✔️ garantiza transparencia 🔍 y rendición de cuentas📝,CIV -Ministerio de Comunicaciones,News & Politics,21,0,0,Aislado,aislado,0,0,0.0,0.0,0.0,0.0,0.0028620758795720952,0.0,False,Aislado (sin co-comentación en muestra)
video::ShYWqmOpjFk,ShYWqmOpjFk,Ministro de Comunicaciones reitera sobre avances en ruta Palín-Escuintla,La Hora,News & Politics,242,0,0,Aislado,aislado,0,0,0.0,0.0,0.0,0.0,0.0028620758795720952,0.0,False,Aislado (sin co-comentación en muestra)
video::SryjaiL2B4Q,SryjaiL2B4Q,#EnVivoDCA | Conferencia de prensa del Gobierno de Guatemala,Diario de Centro América,News & Politics,352,0,0,Aislado,aislado,0,0,0.0,0.0,0.0,0.0,0.0028620758795720952,0.0,False,Aislado (sin co-comentación en muestra)
video::THY2YBne3QE,THY2YBne3QE,"Los ALUCINANTES autobuses de Guatemala | ""Burras""",Luisito Comunica,Comedy,8190449,0,0,Aislado,aislado,0,0,0.0,0.0,0.0,0.0,0.0028620758795720952,0.0,False,Aislado (sin co-comentación en muestra)
video::TSID63-IC3Y,TSID63-IC3Y,Operativo Relámpago de -PROVIAL - DGT - DIACO -  en 41 Calle Zona 8 de la ciudad Capital.,PROVIAL-CIV,People & Blogs,332,0,0,Aislado,aislado,0,0,0.0,0.0,0.0,0.0,0.0028620758795720952,0.0,False,Aislado (sin co-comentación en muestra)
video::TTijnAoFnzY,TTijnAoFnzY,Conred reprograma simulacro nacional para el 24 de febrero,T13 Noticias Guatemala,News & Politics,200,0,0,Aislado,aislado,0,0,0.0,0.0,0.0,0.0,0.0028620758795720952,0.0,False,Aislado (sin co-comentación en muestra)
video::TXlMv6bt25w,TXlMv6bt25w,"Más de 42 mil afectados por lluvias en Guatemala; Conred reporta 1,046 emergencias",PrensaLibreOficial,News & Politics,2294,0,0,Aislado,aislado,0,0,0.0,0.0,0.0,0.0,0.0028620758795720952,0.0,False,Aislado (sin co-comentación en muestra)
video::TnZGNY1RsJE,TnZGNY1RsJE,Festival navideño 2025 @MunicipalidaddeGuatemala-1551,HeX4EveR,People & Blogs,148,0,0,Aislado,aislado,0,0,0.0,0.0,0.0,0.0,0.0028620758795720952,0.0,False,Aislado (sin co-comentación en muestra)
video::UDFS8gl80h8,UDFS8gl80h8,#AprendeConCONRED qué es el Sistema CONRED y quienes lo conforman.,Conred,Education,521,0,0,Aislado,aislado,0,0,0.0,0.0,0.0,0.0,0.0028620758795720952,0.0,False,Aislado (sin co-comentación en muestra)
video::UTf26hS1UJ8,UTf26hS1UJ8,🚦💙 PROVIAL: Proteger y Servir,PROVIAL-CIV,Education,38,0,0,Aislado,aislado,0,0,0.0,0.0,0.0,0.0,0.0028620758795720952,0.0,False,Aislado (sin co-comentación en muestra)
video::UcvHq8j-J38,UcvHq8j-J38,"Ministerio de Comunicaciones, Infraestructura y Vivienda y los Consejos de Desarrollo",Ministerio de Finanzas Públicas Guatemala,News & Politics,222,0,0,Aislado,aislado,0,0,0.0,0.0,0.0,0.0,0.0028620758795720952,0.0,False,Aislado (sin co-comentación en muestra)
video::UzeOcBM9cuU,UzeOcBM9cuU,Conred Podcast Episodio 04: Amenaza sísmica y volcánica en Guatemala,Conred,Education,127,0,0,Aislado,aislado,0,0,0.0,0.0,0.0,0.0,0.0028620758795720952,0.0,False,Aislado (sin co-comentación en muestra)
video::VfBrLONPnFM,VfBrLONPnFM,ME quité el MIEDO de viajar en los buses de GUATEMALA 🔥,De todo Gt,People & Blogs,329489,0,0,Aislado,aislado,0,0,0.0,0.0,0.0,0.0,0.0028620758795720952,0.0,False,Aislado (sin co-comentación en muestra)
video::VgcpKa1h_2Q,VgcpKa1h_2Q,CONQUISTA LA CIUDAD / 21K BAM de la Municipalidad de Guatemala,21KMuniGuate,Sports,3110,0,0,Aislado,aislado,0,0,0.0,0.0,0.0,0.0,0.0028620758795720952,0.0,False,Aislado (sin co-comentación en muestra)
video::VuIl4tjeKGQ,VuIl4tjeKGQ,La ciudad sigue modernizándose para ti y tu familia.,Municipalidad de Guatemala,News & Politics,39168,0,0,Aislado,aislado,0,0,0.0,0.0,0.0,0.0,0.0028620758795720952,0.0,False,Aislado (sin co-comentación en muestra)
video::W415t12o3DA,W415t12o3DA,Mujer con crisis nerviosa tras intento de asalto,TN23 Guatemala,News & Politics,4737,0,0,Aislado,aislado,0,0,0.0,0.0,0.0,0.0,0.0028620758795720952,0.0,False,Aislado (sin co-comentación en muestra)
video::WQcgx8rs0Qo,WQcgx8rs0Qo,"PMT SE BURL4 DE UN MOTORISTA D1SC4PACIT4D0, DISCULPESE POR FAVOR VILLA NUEVA, GUATEMALA.",Cronos Time GT,Education,1861,0,0,Aislado,aislado,0,0,0.0,0.0,0.0,0.0,0.0028620758795720952,0.0,False,Aislado (sin co-comentación en muestra)
video::WXA2Apo79jA,WXA2Apo79jA,Resumen de atención a Emergencias CIV,CIV -Ministerio de Comunicaciones,News & Politics,29,0,0,Aislado,aislado,0,0,0.0,0.0,0.0,0.0,0.0028620758795720952,0.0,False,Aislado (sin co-comentación en muestra)
video::WXgGL9rZUHo,WXgGL9rZUHo,#EnvivoDCA | Conferencia de prensa del Gobierno de Guatemala,Diario de Centro América,News & Politics,190,0,0,Aislado,aislado,0,0,0.0,0.0,0.0,0.0,0.0028620758795720952,0.0,False,Aislado (sin co-comentación en muestra)
video::XLkVzqqL34Q,XLkVzqqL34Q,Nueva Mega Autopista Xochi en Guatemala 🇬🇹 ¿Vale la pena? (Te ahorra hasta 3 horas),One Life,Entertainment,44510,0,0,Aislado,aislado,0,0,0.0,0.0,0.0,0.0,0.0028620758795720952,0.0,False,Aislado (sin co-comentación en muestra)
video::XVZM15KVXjM,XVZM15KVXjM,Conoce sobre la actualización de la Norma para la Reducción de Desastres número 2 (NRD2).,Conred,Education,267,0,0,Aislado,aislado,0,0,0.0,0.0,0.0,0.0,0.0028620758795720952,0.0,False,Aislado (sin co-comentación en muestra)
video::XktDG8dmcd0,XktDG8dmcd0,Torrenciales lluvias dejan decenas de muertos y miles de evacuados,DW Español,News & Politics,5171,0,0,Aislado,aislado,0,0,0.0,0.0,0.0,0.0,0.0028620758795720952,0.0,False,Aislado (sin co-comentación en muestra)
video::YJohmVLc9QA,YJohmVLc9QA,How to Get Around Guatemala: Complete Transportation Guide (2026),Chris & Grace,Travel & Events,3897,0,0,Aislado,aislado,0,0,0.0,0.0,0.0,0.0,0.0028620758795720952,0.0,False,Aislado (sin co-comentación en muestra)
video::YLFXK2c60Xc,YLFXK2c60Xc,Por estas razones el 65% de las denuncias por violación en Guatemala nunca llega a un tribunal,Quorum,News & Politics,200,0,0,Aislado,aislado,0,0,0.0,0.0,0.0,0.0,0.0028620758795720952,0.0,False,Aislado (sin co-comentación en muestra)
video::YSsECnqTVik,YSsECnqTVik,Suscriben convenios para transferencia de fondos a CAIMUS y entidades especializadas,Ministerio de Gobernación,News & Politics,15,0,0,Aislado,aislado,0,0,0.0,0.0,0.0,0.0,0.0028620758795720952,0.0,False,Aislado (sin co-comentación en muestra)
video::ZHJoIah2Owo,ZHJoIah2Owo,Conoce como funciona el Sistema Conred  #laprevenciónestareadetodos,Conred,Education,182,0,0,Aislado,aislado,0,0,0.0,0.0,0.0,0.0,0.0028620758795720952,0.0,False,Aislado (sin co-comentación en muestra)
video::ZNwStkzWgso,ZNwStkzWgso,Elección judicial en Guatemala: Astrid Lemus y Luis Bermejo electos para corte de constitucionalidad,CNN en Español,News & Politics,24636,0,0,Aislado,aislado,0,0,0.0,0.0,0.0,0.0,0.0028620758795720952,0.0,False,Aislado (sin co-comentación en muestra)
video::ZPBiWdHXg20,ZPBiWdHXg20,Piloto de tráiler accidentado en ruta al Atlántico era un menor y murió en el lugar,PrensaLibreOficial,News & Politics,233632,0,0,Aislado,aislado,0,0,0.0,0.0,0.0,0.0,0.0028620758795720952,0.0,False,Aislado (sin co-comentación en muestra)
video::ZS74P3DnykA,ZS74P3DnykA,"Policía Nacional Civil gradúa 3,978 nuevos agentes",PNCdeGuatemala,News & Politics,115270,0,0,Aislado,aislado,0,0,0.0,0.0,0.0,0.0,0.0028620758795720952,0.0,False,Aislado (sin co-comentación en muestra)
video::Z_pWnOi7oRw,Z_pWnOi7oRw,#EnVivoDCA | Conferencia de prensa del Gobierno de Guatemala,Diario de Centro América,News & Politics,1329,0,0,Aislado,aislado,0,0,0.0,0.0,0.0,0.0,0.0028620758795720952,0.0,False,Aislado (sin co-comentación en muestra)
video::ZhrDgVZkhg4,ZhrDgVZkhg4,FORMACION BRIGADA DE PROVIAL,PROVIAL GUATEMALA,People & Blogs,4419,0,0,Aislado,aislado,0,0,0.0,0.0,0.0,0.0,0.0028620758795720952,0.0,False,Aislado (sin co-comentación en muestra)
video::_1VIxOLyaUQ,_1VIxOLyaUQ,Sonido de trafico y ciudad 💤 ruido de calle para dormir bebés y relajarse,Ambient Sound Explorer,Entertainment,330057,0,0,Aislado,aislado,0,0,0.0,0.0,0.0,0.0,0.0028620758795720952,0.0,False,Aislado (sin co-comentación en muestra)
video::_3kK0or6QI0,_3kK0or6QI0,PROVIAL guatemala,heto009,News & Politics,2054,0,0,Aislado,aislado,0,0,0.0,0.0,0.0,0.0,0.0028620758795720952,0.0,False,Aislado (sin co-comentación en muestra)
video::_Lcbi4NCHRA,_Lcbi4NCHRA,Tercer Informe General de la República,Gobierno de Guatemala,News & Politics,305269,0,0,Aislado,aislado,0,0,0.0,0.0,0.0,0.0,0.0028620758795720952,0.0,False,Aislado (sin co-comentación en muestra)
video::_NSq2q0mzCY,_NSq2q0mzCY,42K y 21K MuniGuate 🏃🏻🏃🏻‍♀️,Municipalidad de Guatemala,News & Politics,47,0,0,Aislado,aislado,0,0,0.0,0.0,0.0,0.0,0.0028620758795720952,0.0,False,Aislado (sin co-comentación en muestra)
video::_cUZT7LMKE0,_cUZT7LMKE0,Conferencia de Prensa del Gobierno de Guatemala. #LaRondaGt,Gobierno de la República de Guatemala,Entertainment,2708,0,0,Aislado,aislado,0,0,0.0,0.0,0.0,0.0,0.0028620758795720952,0.0,False,Aislado (sin co-comentación en muestra)
video::a2zgl-1KZwY,a2zgl-1KZwY,#CadenaNacional | Mensaje del Presidente Bernardo Arévalo a la nación,Gobierno de la República de Guatemala,Entertainment,2334,0,0,Aislado,aislado,0,0,0.0,0.0,0.0,0.0,0.0028620758795720952,0.0,False,Aislado (sin co-comentación en muestra)
video::a3QGSpNx9Mg,a3QGSpNx9Mg,Guatemala ya no aguanta el tráfico… ¿Funcionará el Aerómetro?,Entre Caminos,Travel & Events,8098,0,0,Aislado,aislado,0,0,0.0,0.0,0.0,0.0,0.0028620758795720952,0.0,False,Aislado (sin co-comentación en muestra)
video::a6QFfhpY53g,a6QFfhpY53g,Provial Informa,PROVIAL-CIV,People & Blogs,49,0,0,Aislado,aislado,0,0,0.0,0.0,0.0,0.0,0.0028620758795720952,0.0,False,Aislado (sin co-comentación en muestra)
video::aRKgOSxgsF0,aRKgOSxgsF0,@GobiernodeGuatemala,luis arturo ceberg ulban,People & Blogs,2,0,0,Aislado,aislado,0,0,0.0,0.0,0.0,0.0,0.0028620758795720952,0.0,False,Aislado (sin co-comentación en muestra)
video::aSbvMYJhmCc,aSbvMYJhmCc,Policía Nacional Civil,Ministerio de Gobernación,News & Politics,4346,0,0,Aislado,aislado,0,0,0.0,0.0,0.0,0.0,0.0028620758795720952,0.0,False,Aislado (sin co-comentación en muestra)
video::a_kAe9IhBbo,a_kAe9IhBbo,Tráiler impacta pasarela en Aguilar Batres y provoca cierre parcial hacia la capital,PrensaLibreOficial,News & Politics,255,0,0,Aislado,aislado,0,0,0.0,0.0,0.0,0.0,0.0028620758795720952,0.0,False,Aislado (sin co-comentación en muestra)
video::ahicr7fQREY,ahicr7fQREY,Conred Podcast Episodio 9: Servidores Cívicos construyendo una cultura de prevención,Conred,Education,65,0,0,Aislado,aislado,0,0,0.0,0.0,0.0,0.0,0.0028620758795720952,0.0,False,Aislado (sin co-comentación en muestra)
video::almmnboHkwM,almmnboHkwM,Se mueve Guate 🚌,Municipalidad de Guatemala,News & Politics,297,0,0,Aislado,aislado,0,0,0.0,0.0,0.0,0.0,0.0028620758795720952,0.0,False,Aislado (sin co-comentación en muestra)
video::anFbrgqxdzY,anFbrgqxdzY,Horas Antes del Big One | Dentro de Ciudad de Guatemala Exactamente Antes del Terremoto (1976),Nostalgia Latina,People & Blogs,222656,0,0,Aislado,aislado,0,0,0.0,0.0,0.0,0.0,0.0028620758795720952,0.0,False,Aislado (sin co-comentación en muestra)
video::aoz2j4TTl4E,aoz2j4TTl4E,Rutas Alternas a partir del lunes 03 de agosto por avances de #AeroMetroGT,Municipalidad de Guatemala,News & Politics,8905,0,0,Aislado,aislado,0,0,0.0,0.0,0.0,0.0,0.0028620758795720952,0.0,False,Aislado (sin co-comentación en muestra)
video::bBz8nX4pMxc,bBz8nX4pMxc,Conred e Insivumeh informan sobre sismos en Guatemala este 31 de julio,Guatevisión,Entertainment,1115,0,0,Aislado,aislado,0,0,0.0,0.0,0.0,0.0,0.0028620758795720952,0.0,False,Aislado (sin co-comentación en muestra)
video::bMoENbSBSNs,bMoENbSBSNs,¿Por qué Guatemala es una República? El decreto del 21 de marzo de 1847 y Rafael Carrera,El profe de Historia Gt,Education,1134,0,0,Aislado,aislado,0,0,0.0,0.0,0.0,0.0,0.0028620758795720952,0.0,False,Aislado (sin co-comentación en muestra)
video::bg1KCMaIrRM,bg1KCMaIrRM,"¡Atención, vecinos!",Municipalidad de Guatemala,News & Politics,1965,0,0,Aislado,aislado,0,0,0.0,0.0,0.0,0.0,0.0028620758795720952,0.0,False,Aislado (sin co-comentación en muestra)
video::bzosgvntOXU,bzosgvntOXU,Municipalidad de Guatemala 05/09/2025,Concejales de Oposición - Muni Guate,People & Blogs,160,0,0,Aislado,aislado,0,0,0.0,0.0,0.0,0.0,0.0028620758795720952,0.0,False,Aislado (sin co-comentación en muestra)
video::cl3Rpw9MstQ,cl3Rpw9MstQ,Municipalidad de Guatemala sigue trabajando,Municipalidad de Guatemala,News & Politics,484,0,0,Aislado,aislado,0,0,0.0,0.0,0.0,0.0,0.0028620758795720952,0.0,False,Aislado (sin co-comentación en muestra)
video::cpoiRUtF9uU,cpoiRUtF9uU,Congreso termina jornada sin acuerdos para aliviar precio de combustibles #ALAS7AM (02/09/2026),Canal Antigua,News & Politics,117,0,0,Aislado,aislado,0,0,0.0,0.0,0.0,0.0,0.0028620758795720952,0.0,False,Aislado (sin co-comentación en muestra)
video::csqia7f3OIE,csqia7f3OIE,SISTEMA CONRED Y METODOLOGÍA DE LOS 6 PASOS,Carlitos Gamboa,People & Blogs,509,0,0,Aislado,aislado,0,0,0.0,0.0,0.0,0.0,0.0028620758795720952,0.0,False,Aislado (sin co-comentación en muestra)
video::d-V_Aw1t6nI,d-V_Aw1t6nI,Graduacion  de la 57 Promocion  de la Policia Nacional Civil  de Guatemala.,PNCdeGuatemala,People & Blogs,1643,0,0,Aislado,aislado,0,0,0.0,0.0,0.0,0.0,0.0028620758795720952,0.0,False,Aislado (sin co-comentación en muestra)
video::dJcNu9YYwh4,dJcNu9YYwh4,"Lluvias, ceniza y calor extremo: así estará el clima en Guatemala, según Insivumeh",PrensaLibreOficial,News & Politics,1061,0,0,Aislado,aislado,0,0,0.0,0.0,0.0,0.0,0.0028620758795720952,0.0,False,Aislado (sin co-comentación en muestra)
video::dLctzx8qCgA,dLctzx8qCgA,¿Cómo la CIA ALTERÓ el DESTINO de GUATEMALA para siempre?,Alan Delmonte,Education,108616,0,0,Aislado,aislado,0,0,0.0,0.0,0.0,0.0,0.0028620758795720952,0.0,False,Aislado (sin co-comentación en muestra)
video::dWhSTyhegeQ,dWhSTyhegeQ,Personal de Provial explica de empresas que verificarán implementación de limitadores de velocidad,La Hora,News & Politics,341,0,0,Aislado,aislado,0,0,0.0,0.0,0.0,0.0,0.0028620758795720952,0.0,False,Aislado (sin co-comentación en muestra)
video::dccwBXfxxiI,dccwBXfxxiI,¡Espacios iluminados y seguros!,Municipalidad de Guatemala,News & Politics,38773,0,0,Aislado,aislado,0,0,0.0,0.0,0.0,0.0,0.0028620758795720952,0.0,False,Aislado (sin co-comentación en muestra)
video::dsyLiSCrwcU,dsyLiSCrwcU,"3 KIEBRES ES DOLOROSO QUE EN CHIQUIMULA AÚN HAY COMUNIDADES SIN ENERGÍA ELÉCTRICA, GUATEMALA.",Cronos Time GT,Education,701,0,0,Aislado,aislado,0,0,0.0,0.0,0.0,0.0,0.0028620758795720952,0.0,False,Aislado (sin co-comentación en muestra)
video::dvy9rQpqLWY,dvy9rQpqLWY,Conferencia de Prensa del Gobierno de Guatemala. #LaRondaGT,Gobierno de la República de Guatemala,Entertainment,959,0,0,Aislado,aislado,0,0,0.0,0.0,0.0,0.0,0.0028620758795720952,0.0,False,Aislado (sin co-comentación en muestra)
video::dya9nbxqWXE,dya9nbxqWXE,ANDY EL MUÑEQUITO TRABAJADOR 🥴🏍🥴🤣@Soychap1n @lucilaylossinar @lilyvlogs6899,CANALES ROBOS Y MENTIRAS 💰🧐,People & Blogs,4939,0,0,Aislado,aislado,0,0,0.0,0.0,0.0,0.0,0.0028620758795720952,0.0,False,Aislado (sin co-comentación en muestra)
video::ebbgBtNrRz8,ebbgBtNrRz8,Las fuertes lluvias en Guatemala dejan al menos tres fallecidos en zonas rurales | Telemundo,Noticias Telemundo,News & Politics,63249,0,0,Aislado,aislado,0,0,0.0,0.0,0.0,0.0,0.0028620758795720952,0.0,False,Aislado (sin co-comentación en muestra)
video::ewdf3q1tuCA,ewdf3q1tuCA,INTERPOL Guatemala captura a mujer por prostituir a señoritas,Noti7,News & Politics,71048,0,0,Aislado,aislado,0,0,0.0,0.0,0.0,0.0,0.0028620758795720952,0.0,False,Aislado (sin co-comentación en muestra)
video::fBljA_npiMs,fBljA_npiMs,Refuerzan acciones para prevenir y combatir la trata de personas,Ministerio de Gobernación,News & Politics,36,0,0,Aislado,aislado,0,0,0.0,0.0,0.0,0.0,0.0028620758795720952,0.0,False,Aislado (sin co-comentación en muestra)
video::fenMcON-DjY,fenMcON-DjY,Encendido del Fuego Patrio y Mensaje Vicepresidencial,Gobierno de la República de Guatemala,Entertainment,424,0,0,Aislado,aislado,0,0,0.0,0.0,0.0,0.0,0.0028620758795720952,0.0,False,Aislado (sin co-comentación en muestra)
video::ffguGnMImL0,ffguGnMImL0,CIV inicia trabajos de bacheo y limpieza en las diferentes rutas del país,Gobierno de Guatemala,News & Politics,848,0,0,Aislado,aislado,0,0,0.0,0.0,0.0,0.0,0.0028620758795720952,0.0,False,Aislado (sin co-comentación en muestra)
video::g0aCNpZaAZ8,g0aCNpZaAZ8,PMT de Guatemala es ejemplo para otros municipios,Municipalidad de Guatemala,News & Politics,4103,0,0,Aislado,aislado,0,0,0.0,0.0,0.0,0.0,0.0028620758795720952,0.0,False,Aislado (sin co-comentación en muestra)
video::gF42rhVhP8w,gF42rhVhP8w,Tenemos un gran problema con la seguridad de las construcciones en Guatemala,TanGente Podcast,Entertainment,9033,0,0,Aislado,aislado,0,0,0.0,0.0,0.0,0.0,0.0028620758795720952,0.0,False,Aislado (sin co-comentación en muestra)
video::gbcggAMJczg,gbcggAMJczg,Dionel  Art s Vídeo danzando con la muerte,Dionel.Art_music,People & Blogs,7,0,0,Aislado,aislado,0,0,0.0,0.0,0.0,0.0,0.0028620758795720952,0.0,False,Aislado (sin co-comentación en muestra)
video::go4jAhCJS0w,go4jAhCJS0w,Así reaccionaría la guardia presidencial de la Saas en caso de una emergencia,PrensaLibreOficial,News & Politics,7381,0,0,Aislado,aislado,0,0,0.0,0.0,0.0,0.0,0.0028620758795720952,0.0,False,Aislado (sin co-comentación en muestra)
video::hGOvuWe8P3Q,hGOvuWe8P3Q,🔴ENTREGAN A NOROÑA ALITO NEGOCIA CON MONREAL PREPARAN MEGÁFONOS PORROS DEL PRIAN,Vittor Blogs,News & Politics,6682,0,0,Aislado,aislado,0,0,0.0,0.0,0.0,0.0,0.0028620758795720952,0.0,False,Aislado (sin co-comentación en muestra)
video::hy0mwEHr6V0,hy0mwEHr6V0,MI3 será utilizado dentro de las evaluaciones a aspirantes a PNC,Ministerio de Gobernación,News & Politics,127595,0,0,Aislado,aislado,0,0,0.0,0.0,0.0,0.0,0.0028620758795720952,0.0,False,Aislado (sin co-comentación en muestra)
video::iBX5DMQSf3s,iBX5DMQSf3s,Conmemoramos el 153 Aniversario de la Escuela Politécnica y Día del cadete.,Gobierno de la República de Guatemala,Entertainment,1264,0,0,Aislado,aislado,0,0,0.0,0.0,0.0,0.0,0.0028620758795720952,0.0,False,Aislado (sin co-comentación en muestra)
video::iCbGedZRRE8,iCbGedZRRE8,Conferencia de Prensa del Gobierno de Guatemala. #LaRondaGT,Gobierno de la República de Guatemala,Entertainment,1058,0,0,Aislado,aislado,0,0,0.0,0.0,0.0,0.0,0.0028620758795720952,0.0,False,Aislado (sin co-comentación en muestra)
video::iEmScdnYQdg,iEmScdnYQdg,La nueva ruta que evita El Trébol,Tráfico Sin Censura,People & Blogs,8502,0,0,Aislado,aislado,0,0,0.0,0.0,0.0,0.0,0.0028620758795720952,0.0,False,Aislado (sin co-comentación en muestra)
video::iWYddxEszoM,iWYddxEszoM,#EnVivoDCA | Conferencia de prensa del Gobierno de Guatemala,Diario de Centro América,News & Politics,264,0,0,Aislado,aislado,0,0,0.0,0.0,0.0,0.0,0.0028620758795720952,0.0,False,Aislado (sin co-comentación en muestra)
video::iacCQ4VyWWc,iacCQ4VyWWc,"Los conservadores y los liberales, Historia de Guatemala",Panda 01,People & Blogs,25431,0,0,Aislado,aislado,0,0,0.0,0.0,0.0,0.0,0.0028620758795720952,0.0,False,Aislado (sin co-comentación en muestra)
video::ifJFNGT4azU,ifJFNGT4azU,Podcast Guatemala Ahora Yo Se: Medidas De Seguridad Con el Lic. Ariel Yos y el Lic. Gabriel Quiñones,Ahora Yose,People & Blogs,3631,0,0,Aislado,aislado,0,0,0.0,0.0,0.0,0.0,0.0028620758795720952,0.0,False,Aislado (sin co-comentación en muestra)
video::j4akBH678fw,j4akBH678fw,El paso a desnivel Calzada Roosevelt lleva más conexión y mejor movilidad para la población.,Gobierno de la República de Guatemala,Entertainment,649,0,0,Aislado,aislado,0,0,0.0,0.0,0.0,0.0,0.0028620758795720952,0.0,False,Aislado (sin co-comentación en muestra)
video::jQGvhMPMuAI,jQGvhMPMuAI,#DiálogoCentral | El clima de la semana: adiós a la canícula ¿llegan las lluvias? 🌦️,Canal Antigua,News & Politics,214,0,0,Aislado,aislado,0,0,0.0,0.0,0.0,0.0,0.0028620758795720952,0.0,False,Aislado (sin co-comentación en muestra)
video::jSw-nFh94qQ,jSw-nFh94qQ,Gobernación promueve espacios de sana convivencia,Ministerio de Gobernación,News & Politics,59,0,0,Aislado,aislado,0,0,0.0,0.0,0.0,0.0,0.0028620758795720952,0.0,False,Aislado (sin co-comentación en muestra)
video::kaZgtwqwLrI,kaZgtwqwLrI,@rumzacapait @GobiernodeGuatemala,TRAYECTORIA Y EXITO CON ANABELLA CORDON,People & Blogs,74,0,0,Aislado,aislado,0,0,0.0,0.0,0.0,0.0,0.0028620758795720952,0.0,False,Aislado (sin co-comentación en muestra)
video::kjwvEESqSHA,kjwvEESqSHA,¿VALE la PENA VIAJAR de GUATEMALA a  XELA en BUS?  Descúbrelo,De todo Gt,People & Blogs,216172,0,0,Aislado,aislado,0,0,0.0,0.0,0.0,0.0,0.0028620758795720952,0.0,False,Aislado (sin co-comentación en muestra)
video::l-mH80ygqFY,l-mH80ygqFY,Avances en proyectos municipales por el desarrollo y bienestar en la ciudad.,Municipalidad de Guatemala,News & Politics,256,0,0,Aislado,aislado,0,0,0.0,0.0,0.0,0.0,0.0028620758795720952,0.0,False,Aislado (sin co-comentación en muestra)
video::lAsODhYGcTE,lAsODhYGcTE,Gobierno busca a toda costa sacar a Consuelo Porras,Noticias VR,People & Blogs,3,0,0,Aislado,aislado,0,0,0.0,0.0,0.0,0.0,0.0028620758795720952,0.0,False,Aislado (sin co-comentación en muestra)
video::lNuxq8OKCpc,lNuxq8OKCpc,Lluvias convierten calles en ríos en Villa Nueva y San Miguel Petapa,PrensaLibreOficial,News & Politics,7663,0,0,Aislado,aislado,0,0,0.0,0.0,0.0,0.0,0.0028620758795720952,0.0,False,Aislado (sin co-comentación en muestra)
video::lYyGqHAL5nM,lYyGqHAL5nM,Comuna lanzó nueva imagen de la PM y PMT,Municipalidad de Guatemala,People & Blogs,286,0,0,Aislado,aislado,0,0,0.0,0.0,0.0,0.0,0.0028620758795720952,0.0,False,Aislado (sin co-comentación en muestra)
video::lkdwGwrJKeM,lkdwGwrJKeM,🇬🇹 ¿Es seguro VIAJAR a Guatemala? Consejos prácticos para que todo te salga bien,Un Angel Viajando,Travel & Events,5298,0,0,Aislado,aislado,0,0,0.0,0.0,0.0,0.0,0.0028620758795720952,0.0,False,Aislado (sin co-comentación en muestra)
video::mCoOL2p0il4,mCoOL2p0il4,Municipalidad de Guatemala   08/08/2025,Concejales de Oposición - Muni Guate,People & Blogs,118,0,0,Aislado,aislado,0,0,0.0,0.0,0.0,0.0,0.0028620758795720952,0.0,False,Aislado (sin co-comentación en muestra)
video::mPtR2HskBTE,mPtR2HskBTE,Municipalidad de Guatemala   17/02/2025,Concejales de Oposición - Muni Guate,People & Blogs,729,0,0,Aislado,aislado,0,0,0.0,0.0,0.0,0.0,0.0028620758795720952,0.0,False,Aislado (sin co-comentación en muestra)
video::mQH6bhmp_LY,mQH6bhmp_LY,Quorum: ¿Cómo investigamos la crisis del agua?,Quorum,News & Politics,142,0,0,Aislado,aislado,0,0,0.0,0.0,0.0,0.0,0.0028620758795720952,0.0,False,Aislado (sin co-comentación en muestra)
video::n31eyGuRKqo,n31eyGuRKqo,El tráfico en Guatemala nos está enfermando - TanGente Salud Mental,TanGente Podcast,People & Blogs,932,0,0,Aislado,aislado,0,0,0.0,0.0,0.0,0.0,0.0028620758795720952,0.0,False,Aislado (sin co-comentación en muestra)
video::n4xHxJPNr78,n4xHxJPNr78,🚫LOS FAMOSOS BUSES ESMERALDA los mas RÁPIDOS DE GUATEMALA 😱,De todo Gt,People & Blogs,3152619,0,0,Aislado,aislado,0,0,0.0,0.0,0.0,0.0,0.0028620758795720952,0.0,False,Aislado (sin co-comentación en muestra)
video::nKJhNH86HGE,nKJhNH86HGE,Se realiza taller de UNICEF sobre el plan de acción de la política pública contra la violencia sexua,Ministerio de Gobernación,News & Politics,7,0,0,Aislado,aislado,0,0,0.0,0.0,0.0,0.0,0.0028620758795720952,0.0,False,Aislado (sin co-comentación en muestra)
video::nPbC8-Ebat4,nPbC8-Ebat4,Pareja de sicarios capturada tras ataque armado contra piloto de autobús,PNCdeGuatemala,Science & Technology,70537,0,0,Aislado,aislado,0,0,0.0,0.0,0.0,0.0,0.0028620758795720952,0.0,False,Aislado (sin co-comentación en muestra)
video::ncOU7iZR5jY,ncOU7iZR5jY,Carlos Pineda y Andre Pozuelos | Seguridad II- Guatemala tiene solución | Ep. 3,Carlos Pineda,People & Blogs,3279,0,0,Aislado,aislado,0,0,0.0,0.0,0.0,0.0,0.0028620758795720952,0.0,False,Aislado (sin co-comentación en muestra)
video::nhhXiHI4rrw,nhhXiHI4rrw,Policía Nacional Civil participa en desfile del día del Ejército. #ProtegerYServir,PNCdeGuatemala,News & Politics,21534,0,0,Aislado,aislado,0,0,0.0,0.0,0.0,0.0,0.0028620758795720952,0.0,False,Aislado (sin co-comentación en muestra)
video::nv6wMdQ997Q,nv6wMdQ997Q,PMT en todo,Municipalidad de Guatemala,News & Politics,2107,0,0,Aislado,aislado,0,0,0.0,0.0,0.0,0.0,0.0028620758795720952,0.0,False,Aislado (sin co-comentación en muestra)
video::pNInRBsPbHE,pNInRBsPbHE,Encuentro por el agua,Quorum,News & Politics,185,0,0,Aislado,aislado,0,0,0.0,0.0,0.0,0.0,0.0028620758795720952,0.0,False,Aislado (sin co-comentación en muestra)
video::qFsSnnRdJBg,qFsSnnRdJBg,Avanza construcción de la Estrategia Nacional de Datos Abiertos,Ministerio de Gobernación,News & Politics,11,0,0,Aislado,aislado,0,0,0.0,0.0,0.0,0.0,0.0028620758795720952,0.0,False,Aislado (sin co-comentación en muestra)
video::qrdEegnTnaY,qrdEegnTnaY,XVII Promoción de Brigadas PROVIAL,PROVIAL-CIV,People & Blogs,416,0,0,Aislado,aislado,0,0,0.0,0.0,0.0,0.0,0.0028620758795720952,0.0,False,Aislado (sin co-comentación en muestra)
video::rNpBtQXUMbE,rNpBtQXUMbE,PMT es ejemplo en Guatemala,Municipalidad de Guatemala,News & Politics,3212,0,0,Aislado,aislado,0,0,0.0,0.0,0.0,0.0,0.0028620758795720952,0.0,False,Aislado (sin co-comentación en muestra)
video::rQEb4el3Lok,rQEb4el3Lok,"Policía Nacional Civil en busca de mareros, imitadores y colaboradores de grupos delictivos",PNCdeGuatemala,News & Politics,9637,0,0,Aislado,aislado,0,0,0.0,0.0,0.0,0.0,0.0028620758795720952,0.0,False,Aislado (sin co-comentación en muestra)
video::rSQKmOX1Tfc,rSQKmOX1Tfc,TU VIDA VALE  PROVIAL  TIEMPO AZUL & PAOLA PÉRLOP,Mosca Visión,Music,5262,0,0,Aislado,aislado,0,0,0.0,0.0,0.0,0.0,0.0028620758795720952,0.0,False,Aislado (sin co-comentación en muestra)
video::rjFut_yJcr8,rjFut_yJcr8,Ministro de CIV conversó sobre los retos  actuales de la infraestructura vial en Guatemala,Canal Antigua,News & Politics,800,0,0,Aislado,aislado,0,0,0.0,0.0,0.0,0.0,0.0028620758795720952,0.0,False,Aislado (sin co-comentación en muestra)
video::sAPrXzrdstM,sAPrXzrdstM,Funciones del Ministerio de Gobernación,Ministerio de Gobernación,News & Politics,8970,0,0,Aislado,aislado,0,0,0.0,0.0,0.0,0.0,0.0028620758795720952,0.0,False,Aislado (sin co-comentación en muestra)
video::soZMwC0Cj18,soZMwC0Cj18,Lluvias causan inundaciones y deslizamiento en Alta Verapaz,PrensaLibreOficial,News & Politics,1405,0,0,Aislado,aislado,0,0,0.0,0.0,0.0,0.0,0.0028620758795720952,0.0,False,Aislado (sin co-comentación en muestra)
video::tEfZlrP4L5I,tEfZlrP4L5I,#EnVivoDCA | Conferencia de Prensa del Gobierno de Guatemala,Diario de Centro América,News & Politics,265,0,0,Aislado,aislado,0,0,0.0,0.0,0.0,0.0,0.0028620758795720952,0.0,False,Aislado (sin co-comentación en muestra)
video::tK__qZZ-H5w,tK__qZZ-H5w,Conferencia de Prensa del Gobierno de Guatemala. #LaRondaGT,Gobierno de la República de Guatemala,Entertainment,866,0,0,Aislado,aislado,0,0,0.0,0.0,0.0,0.0,0.0028620758795720952,0.0,False,Aislado (sin co-comentación en muestra)
video::tXLhWHWGaao,tXLhWHWGaao,Breve historia política de Guatemala,Crónica Panamericana,People & Blogs,144134,0,0,Aislado,aislado,0,0,0.0,0.0,0.0,0.0,0.0028620758795720952,0.0,False,Aislado (sin co-comentación en muestra)
video::tb6LaOWGAIo,tb6LaOWGAIo,"Guía Definitiva para viajar a Guatemala 2026 🇬🇹 Qué ver, itinerarios, precios y consejos",Welcome to el Mundo,Travel & Events,104869,0,0,Aislado,aislado,0,0,0.0,0.0,0.0,0.0,0.0028620758795720952,0.0,False,Aislado (sin co-comentación en muestra)
video::tcAQGuuo_Uc,tcAQGuuo_Uc,El Ministerio de Gobernación Guatemala  brinda conferencia de prensa.,Gobierno de la República de Guatemala,Entertainment,2254,0,0,Aislado,aislado,0,0,0.0,0.0,0.0,0.0,0.0028620758795720952,0.0,False,Aislado (sin co-comentación en muestra)
video::tg2QuZFdn4c,tg2QuZFdn4c,🔴 En Vivo |  Sesión Solemne de Consejo de Gobierno en Limón,Presidencia de la República,News & Politics,15726,0,0,Aislado,aislado,0,0,0.0,0.0,0.0,0.0,0.0028620758795720952,0.0,False,Aislado (sin co-comentación en muestra)
video::tmvTbeQNCTI,tmvTbeQNCTI,"Hoy SABRÁN Qué Grado ACADÉMICO Tenemos, Todos Son PROFESIONALES",Gente de Guate,Entertainment,15482,0,0,Aislado,aislado,0,0,0.0,0.0,0.0,0.0,0.0028620758795720952,0.0,False,Aislado (sin co-comentación en muestra)
video::tqcZFVSXARQ,tqcZFVSXARQ,¿Listo para decir tengo #MiPrimeraCasa? 🏠✨,Gobierno de la República de Guatemala,Entertainment,1373,0,0,Aislado,aislado,0,0,0.0,0.0,0.0,0.0,0.0028620758795720952,0.0,False,Aislado (sin co-comentación en muestra)
video::vA6p51f14J4,vA6p51f14J4,Horarios especiales por celebraciones de fin de año,Municipalidad de Guatemala,News & Politics,606,0,0,Aislado,aislado,0,0,0.0,0.0,0.0,0.0,0.0028620758795720952,0.0,False,Aislado (sin co-comentación en muestra)
video::vCtk_0NzB3s,vCtk_0NzB3s,Clima en Guatemala esta semana: calor de hasta 39 °C y lluvias con tormentas,PrensaLibreOficial,News & Politics,1534,0,0,Aislado,aislado,0,0,0.0,0.0,0.0,0.0,0.0028620758795720952,0.0,False,Aislado (sin co-comentación en muestra)
video::vDVXM8ODuzM,vDVXM8ODuzM,#EnVivoDCA | Conferencia de Prensa del Gobierno de Guatemala,Diario de Centro América,News & Politics,214,0,0,Aislado,aislado,0,0,0.0,0.0,0.0,0.0,0.0028620758795720952,0.0,False,Aislado (sin co-comentación en muestra)
video::vNUiF-stTdo,vNUiF-stTdo,resumen de noticias,INFOM TV,News & Politics,23,0,0,Aislado,aislado,0,0,0.0,0.0,0.0,0.0,0.0028620758795720952,0.0,False,Aislado (sin co-comentación en muestra)
video::vp9MPfDG6AE,vp9MPfDG6AE,"Comunicado – COVIAL / Ministerio de Comunicaciones, Infraestructura y Vivienda",Noti7,News & Politics,260,0,0,Aislado,aislado,0,0,0.0,0.0,0.0,0.0,0.0028620758795720952,0.0,False,Aislado (sin co-comentación en muestra)
video::vqcF9RFMOLQ,vqcF9RFMOLQ,"Ciudad de Guatemala, el mejor lugar para vivir",Municipalidad de Guatemala,News & Politics,215,0,0,Aislado,aislado,0,0,0.0,0.0,0.0,0.0,0.0028620758795720952,0.0,False,Aislado (sin co-comentación en muestra)
video::w57G_5jsqtU,w57G_5jsqtU,Tráfico intenso por regreso a clases del sector público extiende horas pico en el área metropolitana,PrensaLibreOficial,News & Politics,625,0,0,Aislado,aislado,0,0,0.0,0.0,0.0,0.0,0.0028620758795720952,0.0,False,Aislado (sin co-comentación en muestra)
video::wS6yC3yOAeA,wS6yC3yOAeA,Noticiero El Informativo. Nuestra semana de resultados.,Gobierno de la República de Guatemala,Entertainment,1383,0,0,Aislado,aislado,0,0,0.0,0.0,0.0,0.0,0.0028620758795720952,0.0,False,Aislado (sin co-comentación en muestra)
video::wVncmfsugww,wVncmfsugww,"Spot Rendición de Cuentas, tercer cuatrimestre 2023 - 1",CIV -Ministerio de Comunicaciones,People & Blogs,15,0,0,Aislado,aislado,0,0,0.0,0.0,0.0,0.0,0.0028620758795720952,0.0,False,Aislado (sin co-comentación en muestra)
video::wYZPaJdVuhE,wYZPaJdVuhE,#LaCharla ¿Quién dirigirá el sistema portuario y qué decisiones debe tomar primero?,Guatevisión,News & Politics,202,0,0,Aislado,aislado,0,0,0.0,0.0,0.0,0.0,0.0028620758795720952,0.0,False,Aislado (sin co-comentación en muestra)
video::wm1f52Mvzag,wm1f52Mvzag,Gloria Álvarez: ¿Podría ser la próxima presidenta de Guatemala?,Jorge Ramos,News & Politics,31357,0,0,Aislado,aislado,0,0,0.0,0.0,0.0,0.0,0.0028620758795720952,0.0,False,Aislado (sin co-comentación en muestra)
video::wpYwX-bGoz0,wpYwX-bGoz0,CIV prioriza proyectos con potencial para generar desarrollo en Guatemala,CIV -Ministerio de Comunicaciones,People & Blogs,468,0,0,Aislado,aislado,0,0,0.0,0.0,0.0,0.0,0.0028620758795720952,0.0,False,Aislado (sin co-comentación en muestra)
video::x9TPnjUeuoo,x9TPnjUeuoo,VIDEO INSTITUCIONAL PROVIAL,CIV -Ministerio de Comunicaciones,People & Blogs,2250,0,0,Aislado,aislado,0,0,0.0,0.0,0.0,0.0,0.0028620758795720952,0.0,False,Aislado (sin co-comentación en muestra)
video::xEcC_aMDhAk,xEcC_aMDhAk,MINGOB y COPADEH avanzan en la protección de personas defensoras de DDHH,Ministerio de Gobernación,News & Politics,17,0,0,Aislado,aislado,0,0,0.0,0.0,0.0,0.0,0.0028620758795720952,0.0,False,Aislado (sin co-comentación en muestra)
video::xQgP0n8hVSI,xQgP0n8hVSI,"Primero te usan, y cuando ya no les sirves te desechan.",Ministerio de Gobernación,News & Politics,28,0,0,Aislado,aislado,0,0,0.0,0.0,0.0,0.0,0.0028620758795720952,0.0,False,Aislado (sin co-comentación en muestra)
video::x_CB0ZRLQTA,x_CB0ZRLQTA,Ricardo Quiñónez paga con nuestros impuestos netcenter,AlcaldexAccidente,People & Blogs,29419,0,0,Aislado,aislado,0,0,0.0,0.0,0.0,0.0,0.0028620758795720952,0.0,False,Aislado (sin co-comentación en muestra)
video::y8XMbMxMF8E,y8XMbMxMF8E,"Gracias a la inteligencia, coordinación y firmeza, se dió un duro golpe al crimen organizado",Ministerio de Gobernación,News & Politics,84,0,0,Aislado,aislado,0,0,0.0,0.0,0.0,0.0,0.0028620758795720952,0.0,False,Aislado (sin co-comentación en muestra)
video::yCmBtmOm6nw,yCmBtmOm6nw,“¿DÓNDE ESTÁN?”: GOBIERNO IMPULSA MECANISMO PARA BUSCAR A DESAPARECIDOS DEL CONFLICTO ARMADO,IDocumenta,News & Politics,6,0,0,Aislado,aislado,0,0,0.0,0.0,0.0,0.0,0.0028620758795720952,0.0,False,Aislado (sin co-comentación en muestra)
video::zfJlUXRSaCU,zfJlUXRSaCU,Brief Political History of Guatemala,Crónica Panamericana,People & Blogs,53547,0,0,Aislado,aislado,0,0,0.0,0.0,0.0,0.0,0.0028620758795720952,0.0,False,Aislado (sin co-comentación en muestra)
video::zyA0BpEYcQU,zyA0BpEYcQU,Discusión entre conductor y jefe de la PMT,Nuestro Mundo,People & Blogs,55349,0,0,Aislado,aislado,0,0,0.0,0.0,0.0,0.0,0.0028620758795720952,0.0,False,Aislado (sin co-comentación en muestra)
