red,componente,tamano,aristas_internas,es_componente_mayor
bipartita_autor_video,1,286,287,True
bipartita_autor_video,2,26,25,False
bipartita_autor_video,3,19,18,False
bipartita_autor_video,4,5,4,False
bipartita_autor_video,5,4,3,False
bipartita_autor_video,6,3,2,False
bipartita_autor_video,7,2,1,False
bipartita_autor_video,8,2,1,False
bipartita_autor_video,9,2,1,False
bipartita_autor_video,10,2,1,False
bipartita_autor_video,11,1,0,False
bipartita_autor_video,12,1,0,False
bipartita_autor_video,13,1,0,False
bipartita_autor_video,14,1,0,False
bipartita_autor_video,15,1,0,False
bipartita_autor_video,16,1,0,False
bipartita_autor_video,17,1,0,False
bipartita_autor_video,18,1,0,False
bipartita_autor_video,19,1,0,False
bipartita_autor_video,20,1,0,False
bipartita_autor_video,21,1,0,False
bipartita_autor_video,22,1,0,False
bipartita_autor_video,23,1,0,False
bipartita_autor_video,24,1,0,False
bipartita_autor_video,25,1,0,False
bipartita_autor_video,26,1,0,False
bipartita_autor_video,27,1,0,False
bipartita_autor_video,28,1,0,False
bipartita_autor_video,29,1,0,False
bipartita_autor_video,30,1,0,False
bipartita_autor_video,31,1,0,False
bipartita_autor_video,32,1,0,False
bipartita_autor_video,33,1,0,False
bipartita_autor_video,34,1,0,False
bipartita_autor_video,35,1,0,False
bipartita_autor_video,36,1,0,False
bipartita_autor_video,37,1,0,False
bipartita_autor_video,38,1,0,False
bipartita_autor_video,39,1,0,False
bipartita_autor_video,40,1,0,False
bipartita_autor_video,41,1,0,False
bipartita_autor_video,42,1,0,False
bipartita_autor_video,43,1,0,False
bipartita_autor_video,44,1,0,False
bipartita_autor_video,45,1,0,False
bipartita_autor_video,46,1,0,False
bipartita_autor_video,47,1,0,False
bipartita_autor_video,48,1,0,False
bipartita_autor_video,49,1,0,False
bipartita_autor_video,50,1,0,False
bipartita_autor_video,51,1,0,False
bipartita_autor_video,52,1,0,False
bipartita_autor_video,53,1,0,False
bipartita_autor_video,54,1,0,False
bipartita_autor_video,55,1,0,False
bipartita_autor_video,56,1,0,False
bipartita_autor_video,57,1,0,False
bipartita_autor_video,58,1,0,False
bipartita_autor_video,59,1,0,False
bipartita_autor_video,60,1,0,False
bipartita_autor_video,61,1,0,False
bipartita_autor_video,62,1,0,False
bipartita_autor_video,63,1,0,False
bipartita_autor_video,64,1,0,False
bipartita_autor_video,65,1,0,False
bipartita_autor_video,66,1,0,False
bipartita_autor_video,67,1,0,False
bipartita_autor_video,68,1,0,False
bipartita_autor_video,69,1,0,False
bipartita_autor_video,70,1,0,False
bipartita_autor_video,71,1,0,False
bipartita_autor_video,72,1,0,False
bipartita_autor_video,73,1,0,False
bipartita_autor_video,74,1,0,False
bipartita_autor_video,75,1,0,False
bipartita_autor_video,76,1,0,False
bipartita_autor_video,77,1,0,False
bipartita_autor_video,78,1,0,False
bipartita_autor_video,79,1,0,False
bipartita_autor_video,80,1,0,False
bipartita_autor_video,81,1,0,False
bipartita_autor_video,82,1,0,False
bipartita_autor_video,83,1,0,False
bipartita_autor_video,84,1,0,False
bipartita_autor_video,85,1,0,False
bipartita_autor_video,86,1,0,False
bipartita_autor_video,87,1,0,False
bipartita_autor_video,88,1,0,False
bipartita_autor_video,89,1,0,False
bipartita_autor_video,90,1,0,False
bipartita_autor_video,91,1,0,False
bipartita_autor_video,92,1,0,False
bipartita_autor_video,93,1,0,False
bipartita_autor_video,94,1,0,False
bipartita_autor_video,95,1,0,False
bipartita_autor_video,96,1,0,False
bipartita_autor_video,97,1,0,False
bipartita_autor_video,98,1,0,False
bipartita_autor_video,99,1,0,False
bipartita_autor_video,100,1,0,False
bipartita_autor_video,101,1,0,False
bipartita_autor_video,102,1,0,False
bipartita_autor_video,103,1,0,False
bipartita_autor_video,104,1,0,False
bipartita_autor_video,105,1,0,False
bipartita_autor_video,106,1,0,False
bipartita_autor_video,107,1,0,False
bipartita_autor_video,108,1,0,False
bipartita_autor_video,109,1,0,False
bipartita_autor_video,110,1,0,False
bipartita_autor_video,111,1,0,False
bipartita_autor_video,112,1,0,False
bipartita_autor_video,113,1,0,False
bipartita_autor_video,114,1,0,False
bipartita_autor_video,115,1,0,False
bipartita_autor_video,116,1,0,False
bipartita_autor_video,117,1,0,False
bipartita_autor_video,118,1,0,False
bipartita_autor_video,119,1,0,False
bipartita_autor_video,120,1,0,False
bipartita_autor_video,121,1,0,False
bipartita_autor_video,122,1,0,False
bipartita_autor_video,123,1,0,False
bipartita_autor_video,124,1,0,False
bipartita_autor_video,125,1,0,False
bipartita_autor_video,126,1,0,False
bipartita_autor_video,127,1,0,False
bipartita_autor_video,128,1,0,False
bipartita_autor_video,129,1,0,False
bipartita_autor_video,130,1,0,False
bipartita_autor_video,131,1,0,False
bipartita_autor_video,132,1,0,False
bipartita_autor_video,133,1,0,False
bipartita_autor_video,134,1,0,False
bipartita_autor_video,135,1,0,False
bipartita_autor_video,136,1,0,False
bipartita_autor_video,137,1,0,False
bipartita_autor_video,138,1,0,False
bipartita_autor_video,139,1,0,False
bipartita_autor_video,140,1,0,False
bipartita_autor_video,141,1,0,False
bipartita_autor_video,142,1,0,False
bipartita_autor_video,143,1,0,False
bipartita_autor_video,144,1,0,False
bipartita_autor_video,145,1,0,False
bipartita_autor_video,146,1,0,False
bipartita_autor_video,147,1,0,False
bipartita_autor_video,148,1,0,False
bipartita_autor_video,149,1,0,False
bipartita_autor_video,150,1,0,False
bipartita_autor_video,151,1,0,False
bipartita_autor_video,152,1,0,False
bipartita_autor_video,153,1,0,False
bipartita_autor_video,154,1,0,False
bipartita_autor_video,155,1,0,False
bipartita_autor_video,156,1,0,False
bipartita_autor_video,157,1,0,False
bipartita_autor_video,158,1,0,False
bipartita_autor_video,159,1,0,False
bipartita_autor_video,160,1,0,False
bipartita_autor_video,161,1,0,False
bipartita_autor_video,162,1,0,False
bipartita_autor_video,163,1,0,False
bipartita_autor_video,164,1,0,False
bipartita_autor_video,165,1,0,False
bipartita_autor_video,166,1,0,False
bipartita_autor_video,167,1,0,False
bipartita_autor_video,168,1,0,False
bipartita_autor_video,169,1,0,False
bipartita_autor_video,170,1,0,False
bipartita_autor_video,171,1,0,False
bipartita_autor_video,172,1,0,False
bipartita_autor_video,173,1,0,False
bipartita_autor_video,174,1,0,False
bipartita_autor_video,175,1,0,False
bipartita_autor_video,176,1,0,False
bipartita_autor_video,177,1,0,False
bipartita_autor_video,178,1,0,False
bipartita_autor_video,179,1,0,False
bipartita_autor_video,180,1,0,False
bipartita_autor_video,181,1,0,False
bipartita_autor_video,182,1,0,False
bipartita_autor_video,183,1,0,False
bipartita_autor_video,184,1,0,False
bipartita_autor_video,185,1,0,False
bipartita_autor_video,186,1,0,False
bipartita_autor_video,187,1,0,False
bipartita_autor_video,188,1,0,False
bipartita_autor_video,189,1,0,False
bipartita_autor_video,190,1,0,False
bipartita_autor_video,191,1,0,False
bipartita_autor_video,192,1,0,False
bipartita_autor_video,193,1,0,False
bipartita_autor_video,194,1,0,False
bipartita_autor_video,195,1,0,False
bipartita_autor_video,196,1,0,False
bipartita_autor_video,197,1,0,False
bipartita_autor_video,198,1,0,False
bipartita_autor_video,199,1,0,False
bipartita_autor_video,200,1,0,False
bipartita_autor_video,201,1,0,False
bipartita_autor_video,202,1,0,False
bipartita_autor_video,203,1,0,False
bipartita_autor_video,204,1,0,False
bipartita_autor_video,205,1,0,False
bipartita_autor_video,206,1,0,False
bipartita_autor_video,207,1,0,False
bipartita_autor_video,208,1,0,False
bipartita_autor_video,209,1,0,False
bipartita_autor_video,210,1,0,False
bipartita_autor_video,211,1,0,False
bipartita_autor_video,212,1,0,False
bipartita_autor_video,213,1,0,False
bipartita_autor_video,214,1,0,False
bipartita_autor_video,215,1,0,False
bipartita_autor_video,216,1,0,False
bipartita_autor_video,217,1,0,False
bipartita_autor_video,218,1,0,False
bipartita_autor_video,219,1,0,False
bipartita_autor_video,220,1,0,False
bipartita_autor_video,221,1,0,False
bipartita_autor_video,222,1,0,False
bipartita_autor_video,223,1,0,False
bipartita_autor_video,224,1,0,False
bipartita_autor_video,225,1,0,False
bipartita_autor_video,226,1,0,False
bipartita_autor_video,227,1,0,False
bipartita_autor_video,228,1,0,False
bipartita_autor_video,229,1,0,False
bipartita_autor_video,230,1,0,False
bipartita_autor_video,231,1,0,False
bipartita_autor_video,232,1,0,False
bipartita_autor_video,233,1,0,False
bipartita_autor_video,234,1,0,False
bipartita_autor_video,235,1,0,False
bipartita_autor_video,236,1,0,False
bipartita_autor_video,237,1,0,False
bipartita_autor_video,238,1,0,False
bipartita_autor_video,239,1,0,False
bipartita_autor_video,240,1,0,False
bipartita_autor_video,241,1,0,False
bipartita_autor_video,242,1,0,False
bipartita_autor_video,243,1,0,False
bipartita_autor_video,244,1,0,False
bipartita_autor_video,245,1,0,False
bipartita_autor_video,246,1,0,False
bipartita_autor_video,247,1,0,False
bipartita_autor_video,248,1,0,False
bipartita_autor_video,249,1,0,False
bipartita_autor_video,250,1,0,False
bipartita_autor_video,251,1,0,False
bipartita_autor_video,252,1,0,False
bipartita_autor_video,253,1,0,False
bipartita_autor_video,254,1,0,False
bipartita_autor_video,255,1,0,False
bipartita_autor_video,256,1,0,False
bipartita_autor_video,257,1,0,False
bipartita_autor_video,258,1,0,False
bipartita_autor_video,259,1,0,False
bipartita_autor_video,260,1,0,False
bipartita_autor_video,261,1,0,False
bipartita_autor_video,262,1,0,False
bipartita_autor_video,263,1,0,False
bipartita_autor_video,264,1,0,False
bipartita_autor_video,265,1,0,False
bipartita_autor_video,266,1,0,False
bipartita_autor_video,267,1,0,False
bipartita_autor_video,268,1,0,False
bipartita_autor_video,269,1,0,False
bipartita_autor_video,270,1,0,False
bipartita_autor_video,271,1,0,False
bipartita_autor_video,272,1,0,False
bipartita_autor_video,273,1,0,False
bipartita_autor_video,274,1,0,False
bipartita_autor_video,275,1,0,False
bipartita_autor_video,276,1,0,False
bipartita_autor_video,277,1,0,False
bipartita_autor_video,278,1,0,False
bipartita_autor_video,279,1,0,False
bipartita_autor_video,280,1,0,False
bipartita_autor_video,281,1,0,False
bipartita_autor_video,282,1,0,False
bipartita_autor_video,283,1,0,False
bipartita_autor_video,284,1,0,False
proyeccion_autor_autor,1,276,10269,True
proyeccion_autor_autor,2,25,300,False
proyeccion_autor_autor,3,18,153,False
proyeccion_autor_autor,4,4,6,False
proyeccion_autor_autor,5,3,3,False
proyeccion_autor_autor,6,2,1,False
proyeccion_autor_autor,7,1,0,False
proyeccion_autor_autor,8,1,0,False
proyeccion_autor_autor,9,1,0,False
proyeccion_autor_autor,10,1,0,False
proyeccion_video_video,1,10,11,True
proyeccion_video_video,2,1,0,False
proyeccion_video_video,3,1,0,False
proyeccion_video_video,4,1,0,False
proyeccion_video_video,5,1,0,False
proyeccion_video_video,6,1,0,False
proyeccion_video_video,7,1,0,False
proyeccion_video_video,8,1,0,False
proyeccion_video_video,9,1,0,False
proyeccion_video_video,10,1,0,False
proyeccion_video_video,11,1,0,False
proyeccion_video_video,12,1,0,False
proyeccion_video_video,13,1,0,False
proyeccion_video_video,14,1,0,False
proyeccion_video_video,15,1,0,False
proyeccion_video_video,16,1,0,False
proyeccion_video_video,17,1,0,False
proyeccion_video_video,18,1,0,False
proyeccion_video_video,19,1,0,False
proyeccion_video_video,20,1,0,False
proyeccion_video_video,21,1,0,False
proyeccion_video_video,22,1,0,False
proyeccion_video_video,23,1,0,False
proyeccion_video_video,24,1,0,False
proyeccion_video_video,25,1,0,False
proyeccion_video_video,26,1,0,False
proyeccion_video_video,27,1,0,False
proyeccion_video_video,28,1,0,False
proyeccion_video_video,29,1,0,False
proyeccion_video_video,30,1,0,False
proyeccion_video_video,31,1,0,False
proyeccion_video_video,32,1,0,False
proyeccion_video_video,33,1,0,False
proyeccion_video_video,34,1,0,False
proyeccion_video_video,35,1,0,False
proyeccion_video_video,36,1,0,False
proyeccion_video_video,37,1,0,False
proyeccion_video_video,38,1,0,False
proyeccion_video_video,39,1,0,False
proyeccion_video_video,40,1,0,False
proyeccion_video_video,41,1,0,False
proyeccion_video_video,42,1,0,False
proyeccion_video_video,43,1,0,False
proyeccion_video_video,44,1,0,False
proyeccion_video_video,45,1,0,False
proyeccion_video_video,46,1,0,False
proyeccion_video_video,47,1,0,False
proyeccion_video_video,48,1,0,False
proyeccion_video_video,49,1,0,False
proyeccion_video_video,50,1,0,False
proyeccion_video_video,51,1,0,False
proyeccion_video_video,52,1,0,False
proyeccion_video_video,53,1,0,False
proyeccion_video_video,54,1,0,False
proyeccion_video_video,55,1,0,False
proyeccion_video_video,56,1,0,False
proyeccion_video_video,57,1,0,False
proyeccion_video_video,58,1,0,False
proyeccion_video_video,59,1,0,False
proyeccion_video_video,60,1,0,False
proyeccion_video_video,61,1,0,False
proyeccion_video_video,62,1,0,False
proyeccion_video_video,63,1,0,False
proyeccion_video_video,64,1,0,False
proyeccion_video_video,65,1,0,False
proyeccion_video_video,66,1,0,False
proyeccion_video_video,67,1,0,False
proyeccion_video_video,68,1,0,False
proyeccion_video_video,69,1,0,False
proyeccion_video_video,70,1,0,False
proyeccion_video_video,71,1,0,False
proyeccion_video_video,72,1,0,False
proyeccion_video_video,73,1,0,False
proyeccion_video_video,74,1,0,False
proyeccion_video_video,75,1,0,False
proyeccion_video_video,76,1,0,False
proyeccion_video_video,77,1,0,False
proyeccion_video_video,78,1,0,False
proyeccion_video_video,79,1,0,False
proyeccion_video_video,80,1,0,False
proyeccion_video_video,81,1,0,False
proyeccion_video_video,82,1,0,False
proyeccion_video_video,83,1,0,False
proyeccion_video_video,84,1,0,False
proyeccion_video_video,85,1,0,False
proyeccion_video_video,86,1,0,False
proyeccion_video_video,87,1,0,False
proyeccion_video_video,88,1,0,False
proyeccion_video_video,89,1,0,False
proyeccion_video_video,90,1,0,False
proyeccion_video_video,91,1,0,False
proyeccion_video_video,92,1,0,False
proyeccion_video_video,93,1,0,False
proyeccion_video_video,94,1,0,False
proyeccion_video_video,95,1,0,False
proyeccion_video_video,96,1,0,False
proyeccion_video_video,97,1,0,False
proyeccion_video_video,98,1,0,False
proyeccion_video_video,99,1,0,False
proyeccion_video_video,100,1,0,False
proyeccion_video_video,101,1,0,False
proyeccion_video_video,102,1,0,False
proyeccion_video_video,103,1,0,False
proyeccion_video_video,104,1,0,False
proyeccion_video_video,105,1,0,False
proyeccion_video_video,106,1,0,False
proyeccion_video_video,107,1,0,False
proyeccion_video_video,108,1,0,False
proyeccion_video_video,109,1,0,False
proyeccion_video_video,110,1,0,False
proyeccion_video_video,111,1,0,False
proyeccion_video_video,112,1,0,False
proyeccion_video_video,113,1,0,False
proyeccion_video_video,114,1,0,False
proyeccion_video_video,115,1,0,False
proyeccion_video_video,116,1,0,False
proyeccion_video_video,117,1,0,False
proyeccion_video_video,118,1,0,False
proyeccion_video_video,119,1,0,False
proyeccion_video_video,120,1,0,False
proyeccion_video_video,121,1,0,False
proyeccion_video_video,122,1,0,False
proyeccion_video_video,123,1,0,False
proyeccion_video_video,124,1,0,False
proyeccion_video_video,125,1,0,False
proyeccion_video_video,126,1,0,False
proyeccion_video_video,127,1,0,False
proyeccion_video_video,128,1,0,False
proyeccion_video_video,129,1,0,False
proyeccion_video_video,130,1,0,False
proyeccion_video_video,131,1,0,False
proyeccion_video_video,132,1,0,False
proyeccion_video_video,133,1,0,False
proyeccion_video_video,134,1,0,False
proyeccion_video_video,135,1,0,False
proyeccion_video_video,136,1,0,False
proyeccion_video_video,137,1,0,False
proyeccion_video_video,138,1,0,False
proyeccion_video_video,139,1,0,False
proyeccion_video_video,140,1,0,False
proyeccion_video_video,141,1,0,False
proyeccion_video_video,142,1,0,False
proyeccion_video_video,143,1,0,False
proyeccion_video_video,144,1,0,False
proyeccion_video_video,145,1,0,False
proyeccion_video_video,146,1,0,False
proyeccion_video_video,147,1,0,False
proyeccion_video_video,148,1,0,False
proyeccion_video_video,149,1,0,False
proyeccion_video_video,150,1,0,False
proyeccion_video_video,151,1,0,False
proyeccion_video_video,152,1,0,False
proyeccion_video_video,153,1,0,False
proyeccion_video_video,154,1,0,False
proyeccion_video_video,155,1,0,False
proyeccion_video_video,156,1,0,False
proyeccion_video_video,157,1,0,False
proyeccion_video_video,158,1,0,False
proyeccion_video_video,159,1,0,False
proyeccion_video_video,160,1,0,False
proyeccion_video_video,161,1,0,False
proyeccion_video_video,162,1,0,False
proyeccion_video_video,163,1,0,False
proyeccion_video_video,164,1,0,False
proyeccion_video_video,165,1,0,False
proyeccion_video_video,166,1,0,False
proyeccion_video_video,167,1,0,False
proyeccion_video_video,168,1,0,False
proyeccion_video_video,169,1,0,False
proyeccion_video_video,170,1,0,False
proyeccion_video_video,171,1,0,False
proyeccion_video_video,172,1,0,False
proyeccion_video_video,173,1,0,False
proyeccion_video_video,174,1,0,False
proyeccion_video_video,175,1,0,False
proyeccion_video_video,176,1,0,False
proyeccion_video_video,177,1,0,False
proyeccion_video_video,178,1,0,False
proyeccion_video_video,179,1,0,False
proyeccion_video_video,180,1,0,False
proyeccion_video_video,181,1,0,False
proyeccion_video_video,182,1,0,False
proyeccion_video_video,183,1,0,False
proyeccion_video_video,184,1,0,False
proyeccion_video_video,185,1,0,False
proyeccion_video_video,186,1,0,False
proyeccion_video_video,187,1,0,False
proyeccion_video_video,188,1,0,False
proyeccion_video_video,189,1,0,False
proyeccion_video_video,190,1,0,False
proyeccion_video_video,191,1,0,False
proyeccion_video_video,192,1,0,False
proyeccion_video_video,193,1,0,False
proyeccion_video_video,194,1,0,False
proyeccion_video_video,195,1,0,False
proyeccion_video_video,196,1,0,False
proyeccion_video_video,197,1,0,False
proyeccion_video_video,198,1,0,False
proyeccion_video_video,199,1,0,False
proyeccion_video_video,200,1,0,False
proyeccion_video_video,201,1,0,False
proyeccion_video_video,202,1,0,False
proyeccion_video_video,203,1,0,False
proyeccion_video_video,204,1,0,False
proyeccion_video_video,205,1,0,False
proyeccion_video_video,206,1,0,False
proyeccion_video_video,207,1,0,False
proyeccion_video_video,208,1,0,False
proyeccion_video_video,209,1,0,False
proyeccion_video_video,210,1,0,False
proyeccion_video_video,211,1,0,False
proyeccion_video_video,212,1,0,False
proyeccion_video_video,213,1,0,False
proyeccion_video_video,214,1,0,False
proyeccion_video_video,215,1,0,False
proyeccion_video_video,216,1,0,False
proyeccion_video_video,217,1,0,False
proyeccion_video_video,218,1,0,False
proyeccion_video_video,219,1,0,False
proyeccion_video_video,220,1,0,False
proyeccion_video_video,221,1,0,False
proyeccion_video_video,222,1,0,False
proyeccion_video_video,223,1,0,False
proyeccion_video_video,224,1,0,False
proyeccion_video_video,225,1,0,False
proyeccion_video_video,226,1,0,False
proyeccion_video_video,227,1,0,False
proyeccion_video_video,228,1,0,False
proyeccion_video_video,229,1,0,False
proyeccion_video_video,230,1,0,False
proyeccion_video_video,231,1,0,False
proyeccion_video_video,232,1,0,False
proyeccion_video_video,233,1,0,False
proyeccion_video_video,234,1,0,False
proyeccion_video_video,235,1,0,False
proyeccion_video_video,236,1,0,False
proyeccion_video_video,237,1,0,False
proyeccion_video_video,238,1,0,False
proyeccion_video_video,239,1,0,False
proyeccion_video_video,240,1,0,False
proyeccion_video_video,241,1,0,False
proyeccion_video_video,242,1,0,False
proyeccion_video_video,243,1,0,False
proyeccion_video_video,244,1,0,False
proyeccion_video_video,245,1,0,False
proyeccion_video_video,246,1,0,False
proyeccion_video_video,247,1,0,False
proyeccion_video_video,248,1,0,False
proyeccion_video_video,249,1,0,False
proyeccion_video_video,250,1,0,False
proyeccion_video_video,251,1,0,False
proyeccion_video_video,252,1,0,False
proyeccion_video_video,253,1,0,False
proyeccion_video_video,254,1,0,False
proyeccion_video_video,255,1,0,False
proyeccion_video_video,256,1,0,False
proyeccion_video_video,257,1,0,False
proyeccion_video_video,258,1,0,False
proyeccion_video_video,259,1,0,False
proyeccion_video_video,260,1,0,False
proyeccion_video_video,261,1,0,False
proyeccion_video_video,262,1,0,False
proyeccion_video_video,263,1,0,False
proyeccion_video_video,264,1,0,False
proyeccion_video_video,265,1,0,False
proyeccion_video_video,266,1,0,False
proyeccion_video_video,267,1,0,False
proyeccion_video_video,268,1,0,False
proyeccion_video_video,269,1,0,False
proyeccion_video_video,270,1,0,False
proyeccion_video_video,271,1,0,False
proyeccion_video_video,272,1,0,False
proyeccion_video_video,273,1,0,False
proyeccion_video_video,274,1,0,False
proyeccion_video_video,275,1,0,False
proyeccion_video_video,276,1,0,False
proyeccion_video_video,277,1,0,False
proyeccion_video_video,278,1,0,False
proyeccion_video_video,279,1,0,False
proyeccion_video_video,280,1,0,False
proyeccion_video_video,281,1,0,False
proyeccion_video_video,282,1,0,False
proyeccion_video_video,283,1,0,False
proyeccion_video_video,284,1,0,False
