node_id,node_type,label,author_channel_id,video_id,title,channel_name,category,view_count,has_observed_edge
author::UC-HeUTT6_g-VoiWds2a4H-w,author,@JorgeMunoz-gd9et,UC-HeUTT6_g-VoiWds2a4H-w,,,,,,True
author::UC-Iul5tDYH_oiAMXQH-KaaQ,author,@AlbertoMancilla-p9h,UC-Iul5tDYH_oiAMXQH-KaaQ,,,,,,True
author::UC-QOpE7GOxlXcHZ8b7HbQKA,author,@mariaalexander427,UC-QOpE7GOxlXcHZ8b7HbQKA,,,,,,True
author::UC-fiZBS5Gp1eCJd9ucgWnCg,author,@Tommii.10,UC-fiZBS5Gp1eCJd9ucgWnCg,,,,,,True
author::UC-hfX8J5JPJ-dfuakzegMLA,author,@normaleticiaorozcojuarez2418,UC-hfX8J5JPJ-dfuakzegMLA,,,,,,True
author::UC-jS_kA9w-OmpupXDx156Rg,author,@simoncreyesc7579,UC-jS_kA9w-OmpupXDx156Rg,,,,,,True
author::UC-pNP6RMFuLg_-x7Ah_0kEA,author,@almacatalan2717,UC-pNP6RMFuLg_-x7Ah_0kEA,,,,,,True
author::UC094EFEmMSdwVa8NQjjYBXg,author,@CelestinoQuej-j7k,UC094EFEmMSdwVa8NQjjYBXg,,,,,,True
author::UC0HvfEWozTHbwl_iEmJNvVA,author,@OttoPalencia-b7r,UC0HvfEWozTHbwl_iEmJNvVA,,,,,,True
author::UC0RpuMwkDKJYqgKHtsJRuWQ,author,@sabinamarinaguerra3248,UC0RpuMwkDKJYqgKHtsJRuWQ,,,,,,True
author::UC0aEyakBPqcBkVJiErfSupQ,author,@jhonymanuel9891,UC0aEyakBPqcBkVJiErfSupQ,,,,,,True
author::UC14qlobYKqD-DO0j6b75lcA,author,@megavision4488,UC14qlobYKqD-DO0j6b75lcA,,,,,,True
author::UC1DpqK6vaPEkBOMNvypsKYg,author,@HectorCarranza-u4j4o,UC1DpqK6vaPEkBOMNvypsKYg,,,,,,True
author::UC1NiEdJ7gk6FlDexIalWnGg,author,@BorisTebalán,UC1NiEdJ7gk6FlDexIalWnGg,,,,,,True
author::UC1WlJfQmaIskYhP4gmWoamw,author,@marthareiss5434,UC1WlJfQmaIskYhP4gmWoamw,,,,,,True
author::UC1Y7x3h0c95Z8kUhi-Tzaeg,author,@rosadiaz9235,UC1Y7x3h0c95Z8kUhi-Tzaeg,,,,,,True
author::UC1vr9aaMI2crB0NvwFHUeoQ,author,@JoseSimilox-p6e,UC1vr9aaMI2crB0NvwFHUeoQ,,,,,,True
author::UC2Y_EHWQKevubk4vOEBBFxw,author,@alfonsomorales2653,UC2Y_EHWQKevubk4vOEBBFxw,,,,,,True
author::UC2ngpd8UBQu4gcUYy0goAtg,author,@juliohernandez7438,UC2ngpd8UBQu4gcUYy0goAtg,,,,,,True
author::UC2weSE8rpqkGMOp6StYtVfg,author,@katerynsantiago2907,UC2weSE8rpqkGMOp6StYtVfg,,,,,,True
author::UC32oozucwCF3q8d4m8fyOUg,author,@RauldejesusOlivagonzalez,UC32oozucwCF3q8d4m8fyOUg,,,,,,True
author::UC3E9mAgP7VoAE5mZoAexl5g,author,@EnnioAroche,UC3E9mAgP7VoAE5mZoAexl5g,,,,,,True
author::UC3MYTqpQqlWBuCB7Th0e0PA,author,@isaaclopez7220,UC3MYTqpQqlWBuCB7Th0e0PA,,,,,,True
author::UC3NMzdMYryaw82kPTnsaljg,author,@marisosa7832,UC3NMzdMYryaw82kPTnsaljg,,,,,,True
author::UC3UVO7pTbeYvZ3ILEyRDskQ,author,@rosaelenaargueta79,UC3UVO7pTbeYvZ3ILEyRDskQ,,,,,,True
author::UC3XTwHxygNCgjndsg-UiCQA,author,@marioajset4283,UC3XTwHxygNCgjndsg-UiCQA,,,,,,True
author::UC3YpzAr7pcdKC7BVFEpYzog,author,@carmenfigueroa1232,UC3YpzAr7pcdKC7BVFEpYzog,,,,,,True
author::UC3iIU62XKUOWuqL8BqBzj9A,author,@antonioduarte2288,UC3iIU62XKUOWuqL8BqBzj9A,,,,,,True
author::UC3qn1yJA5PeW9rkGPatQxiw,author,@VICTOREST19,UC3qn1yJA5PeW9rkGPatQxiw,,,,,,True
author::UC4Avya4kmR4Q0FrfFdBozSQ,author,@davidlima1348,UC4Avya4kmR4Q0FrfFdBozSQ,,,,,,True
author::UC4cXueR2bKGFJV0Fk76gwmA,author,@aluxdel4792,UC4cXueR2bKGFJV0Fk76gwmA,,,,,,True
author::UC4kg7zuTfqQKLd2bkZrSYBA,author,@zoilagarcia9019,UC4kg7zuTfqQKLd2bkZrSYBA,,,,,,True
author::UC4wq3DcbfaG6dtCqn8Oyu3w,author,@hugoasencio7764,UC4wq3DcbfaG6dtCqn8Oyu3w,,,,,,True
author::UC5H8ASmMC9WrURmzeB4ySog,author,@ManuelEdran,UC5H8ASmMC9WrURmzeB4ySog,,,,,,True
author::UC5PrBbmUlQolwqmiru7yZhw,author,@lazarochavez8269,UC5PrBbmUlQolwqmiru7yZhw,,,,,,True
author::UC5PyGvSfFM--OVKmQ3COu6g,author,@FreddyGmez,UC5PyGvSfFM--OVKmQ3COu6g,,,,,,True
author::UC5bG9nc_JV3FsNP2KseQiYw,author,@giovannirodas4836,UC5bG9nc_JV3FsNP2KseQiYw,,,,,,True
author::UC5fvhAfm89JH8eDFdvc0xYw,author,@isaidiaz2388,UC5fvhAfm89JH8eDFdvc0xYw,,,,,,True
author::UC5hvEnRUzI4Kfvwnyi4QxqQ,author,@leonelsantizo5281,UC5hvEnRUzI4Kfvwnyi4QxqQ,,,,,,True
author::UC5wuDq3U3vRAhOQI3D7gNdw,author,@allanreneramirezgonzalez534,UC5wuDq3U3vRAhOQI3D7gNdw,,,,,,True
author::UC63tFvbQ_hJhGDi2nbjssjw,author,@AbigailRodas-w2r,UC63tFvbQ_hJhGDi2nbjssjw,,,,,,True
author::UC650pRT-OYzny3GwOH8Cgfw,author,@edvinparedesherrera7632,UC650pRT-OYzny3GwOH8Cgfw,,,,,,True
author::UC6PvO1_k5lHKGdAPo5_C6TA,author,@johnmejia992,UC6PvO1_k5lHKGdAPo5_C6TA,,,,,,True
author::UC6Uj1FT5JjDSF8vudvDxPAA,author,@alfredoortega9264,UC6Uj1FT5JjDSF8vudvDxPAA,,,,,,True
author::UC6YSZqL0vEcI-niPKIMUGfw,author,@maxwellsales885,UC6YSZqL0vEcI-niPKIMUGfw,,,,,,True
author::UC6xI_MOaxajIWpoP8BH6E_Q,author,@jahirdiaz5862,UC6xI_MOaxajIWpoP8BH6E_Q,,,,,,True
author::UC72gBAtyb_VXQlYDcFrh6oQ,author,@osmanmorales3012,UC72gBAtyb_VXQlYDcFrh6oQ,,,,,,True
author::UC7IMsCxfZyWN7YQo8-JYa6Q,author,@Burgos68,UC7IMsCxfZyWN7YQo8-JYa6Q,,,,,,True
author::UC7VUuJr9cGh845CmTvf7TlQ,author,@LuisCastillo-oz4df,UC7VUuJr9cGh845CmTvf7TlQ,,,,,,True
author::UC7dadZG7kkGYnsNu6td0FbA,author,@lesolorzano,UC7dadZG7kkGYnsNu6td0FbA,,,,,,True
author::UC816IGbFCZinfYS1LRDaaHg,author,@ingenieroar,UC816IGbFCZinfYS1LRDaaHg,,,,,,True
author::UC8F2V63KZ4ZEay6opX2hAQw,author,@carmenr6311,UC8F2V63KZ4ZEay6opX2hAQw,,,,,,True
author::UC8G5cJONY8L9voMyBW8Eoug,author,@luisparedes-pw6qt,UC8G5cJONY8L9voMyBW8Eoug,,,,,,True
author::UC8r11yOugM2NuRfitQOxLLg,author,@cesaraugustomoralesmonroy6907,UC8r11yOugM2NuRfitQOxLLg,,,,,,True
author::UC8xlJWNHz1V_W6q3fbuQH8g,author,@NormaLópez-v7e,UC8xlJWNHz1V_W6q3fbuQH8g,,,,,,True
author::UC95PSMouTx2N5CbSq0hIyrQ,author,@lisss1908,UC95PSMouTx2N5CbSq0hIyrQ,,,,,,True
author::UC9Wp6vL5oCU37qC3Aj94WZA,author,@ManuelSanchez-b8q2z,UC9Wp6vL5oCU37qC3Aj94WZA,,,,,,True
author::UC9vMq1YF-e7C-VO0SHkbUTA,author,@ErvinLeonardoCarreraLatín,UC9vMq1YF-e7C-VO0SHkbUTA,,,,,,True
author::UC9xr9QvIcDvoZNUX5f-jaZw,author,@MariaaliciaColonmorales,UC9xr9QvIcDvoZNUX5f-jaZw,,,,,,True
author::UCA93ym2TXs_Ibyxb4Vcn-6Q,author,@oswaldosolis8728,UCA93ym2TXs_Ibyxb4Vcn-6Q,,,,,,True
author::UCAKuKvcbfnBD3kF5njNu-IA,author,@melvinlopez7096,UCAKuKvcbfnBD3kF5njNu-IA,,,,,,True
author::UCAV7QIjYhbDJaycQycM_0eQ,author,@mariavail8998,UCAV7QIjYhbDJaycQycM_0eQ,,,,,,True
author::UCAlzM_N6xBlMYmM8EBzX86Q,author,@carlossoto3252,UCAlzM_N6xBlMYmM8EBzX86Q,,,,,,True
author::UCAmtbUiIrUIhikru0ZoTFig,author,@Aura-vf6dm,UCAmtbUiIrUIhikru0ZoTFig,,,,,,True
author::UCAxvOOHQk7dYPOajzFEVtbA,author,@ruddydepaz322,UCAxvOOHQk7dYPOajzFEVtbA,,,,,,True
author::UCB5p8a5gklc80jJItP6xTHg,author,@ernestogamboa8737,UCB5p8a5gklc80jJItP6xTHg,,,,,,True
author::UCBlm80VQ4YoV3bUJR_XhkaQ,author,@rosadiaz6945,UCBlm80VQ4YoV3bUJR_XhkaQ,,,,,,True
author::UCBtB5dIyx-C16UN8ClUD2UA,author,@alexmonzon4257,UCBtB5dIyx-C16UN8ClUD2UA,,,,,,True
author::UCCBYcToQ2dwkd6TJh0FSyDg,author,@lidiarodriguez3493,UCCBYcToQ2dwkd6TJh0FSyDg,,,,,,True
author::UCCUmP4PlbwgikVFpYwbtRTg,author,@alhvi,UCCUmP4PlbwgikVFpYwbtRTg,,,,,,True
author::UCCaYwkkbQGcvFoUmothVdQQ,author,@OsvaldoAguirre-l3i,UCCaYwkkbQGcvFoUmothVdQQ,,,,,,True
author::UCDIMztpVm7G27qBuiWuT6oQ,author,@lizardomorataya8274,UCDIMztpVm7G27qBuiWuT6oQ,,,,,,True
author::UCDPWkUX3sNNaCx-m1dV4glA,author,@hectoroliva949,UCDPWkUX3sNNaCx-m1dV4glA,,,,,,True
author::UCDQaQv0hr2SS_PO-CMEwVHg,author,@federicosaquimux1933,UCDQaQv0hr2SS_PO-CMEwVHg,,,,,,True
author::UCDUffaruH6dyUnUGwsTKpgg,author,@luisletona2842,UCDUffaruH6dyUnUGwsTKpgg,,,,,,True
author::UCDftMWXQoJ6nONfY7GVOVjg,author,@luisgpacheco5858,UCDftMWXQoJ6nONfY7GVOVjg,,,,,,True
author::UCDlr1VadSucIZgZ171pRBjQ,author,@cuabatzjj5924,UCDlr1VadSucIZgZ171pRBjQ,,,,,,True
author::UCDrmf9y9nLgFY5wnA2hTuGA,author,@laboratorio5528,UCDrmf9y9nLgFY5wnA2hTuGA,,,,,,True
author::UCEHXl4VvvVpq-_4xC5tsbhg,author,@anibalg47,UCEHXl4VvvVpq-_4xC5tsbhg,,,,,,True
author::UCEgEQmRbtL5fwr9_DqAC--g,author,@ArielRodas-g5y,UCEgEQmRbtL5fwr9_DqAC--g,,,,,,True
author::UCErZPJpHmLCsXs8ZWkAUupQ,author,@dorisl.garciaroche7763,UCErZPJpHmLCsXs8ZWkAUupQ,,,,,,True
author::UCFFrEmn6lPYiWyElpfzTy5Q,author,@denilsonlopez4083,UCFFrEmn6lPYiWyElpfzTy5Q,,,,,,True
author::UCFOxCyF926Y9eHhMeVoWLzw,author,@arielsarc09,UCFOxCyF926Y9eHhMeVoWLzw,,,,,,True
author::UCFUuDARXdmmIrLppEqf-rFg,author,@allanmunoz7410,UCFUuDARXdmmIrLppEqf-rFg,,,,,,True
author::UCFhxtoeARHPnXXPcDrOU3Xg,author,@diegoalejandrolopezmendez205,UCFhxtoeARHPnXXPcDrOU3Xg,,,,,,True
author::UCFjudnPLoaSL1BaRuLahyHg,author,@HaroldoCastillo-rh9iw,UCFjudnPLoaSL1BaRuLahyHg,,,,,,True
author::UCFoIAE8k82D6AV-8gjjKaNg,author,@eddymunoz9789,UCFoIAE8k82D6AV-8gjjKaNg,,,,,,True
author::UCFxE8GbokBrBsPEKM1xrOjQ,author,@JuanDavila-qd7qj,UCFxE8GbokBrBsPEKM1xrOjQ,,,,,,True
author::UCFybmWapGvBKcQod7cPPH9w,author,@vitalianochavez8382,UCFybmWapGvBKcQod7cPPH9w,,,,,,True
author::UCGGHbtfbbe0o68etrOf0qxw,author,@karensussetteleonvargas9794,UCGGHbtfbbe0o68etrOf0qxw,,,,,,True
author::UCGX_UbAQOXGZknv5iqklwTA,author,@ronaldgarcia8522,UCGX_UbAQOXGZknv5iqklwTA,,,,,,True
author::UCGZMgmM92E3njyXNe9-kjAQ,author,@pasionpornada,UCGZMgmM92E3njyXNe9-kjAQ,,,,,,True
author::UCGj2v6Gl5bN8NSrzJMXS-CA,author,@juliogutierrez492,UCGj2v6Gl5bN8NSrzJMXS-CA,,,,,,True
author::UCGm3gRBEHGRJYmtCryZLtDw,author,@JoséLopez-g6k,UCGm3gRBEHGRJYmtCryZLtDw,,,,,,True
author::UCGqKxQS-z3NZzZF-2w338AA,author,@samuelaguilar529,UCGqKxQS-z3NZzZF-2w338AA,,,,,,True
author::UCGzXwyCzMzGmjmCbH3Hg01Q,author,@FidelZacarias-ph7dy,UCGzXwyCzMzGmjmCbH3Hg01Q,,,,,,True
author::UCHGd14aYuZZShLD73dkk6mg,author,@noemiherrera3152,UCHGd14aYuZZShLD73dkk6mg,,,,,,True
author::UCHMQ_lDhibZ-XZ_3fo6oxwg,author,@crislexrubi4387,UCHMQ_lDhibZ-XZ_3fo6oxwg,,,,,,True
author::UCHTGCgY2l-DQJIvlA_cpa_Q,author,@virgiliogarcia3039,UCHTGCgY2l-DQJIvlA_cpa_Q,,,,,,True
author::UCHbwIx9pmQuf7i-4_xO2EpA,author,@caminoseternos752,UCHbwIx9pmQuf7i-4_xO2EpA,,,,,,True
author::UCHhHUjaMAZ8SiXdCUCj9DkQ,author,@fredymendez1786,UCHhHUjaMAZ8SiXdCUCj9DkQ,,,,,,True
author::UCHu8x4MVkayU6VgwVKd--MQ,author,@Hernandez-i1o,UCHu8x4MVkayU6VgwVKd--MQ,,,,,,True
author::UCIUhbSCy3-SGRe5UtqM4fzQ,author,@jeanmorales1677,UCIUhbSCy3-SGRe5UtqM4fzQ,,,,,,True
author::UCIXLDYqR_syskKRJy_x9W9Q,author,@carlitosramirez4739,UCIXLDYqR_syskKRJy_x9W9Q,,,,,,True
author::UCIgoiXdIKJyUGmUoH2Lxdzg,author,@susievidal4134,UCIgoiXdIKJyUGmUoH2Lxdzg,,,,,,True
author::UCIp19h9igblA2YKfSLPDAug,author,@JoseReyes-rn6sh,UCIp19h9igblA2YKfSLPDAug,,,,,,True
author::UCJp3OrVYcBorC94sKwdch_A,author,@ULJoshmg2011,UCJp3OrVYcBorC94sKwdch_A,,,,,,True
author::UCJxJC56BSAX-ArD0NAb9qnQ,author,@alfonsowilian9157,UCJxJC56BSAX-ArD0NAb9qnQ,,,,,,True
author::UCKDR0f2fu2UzWL8mBv5-BHw,author,@mireyamorales6595,UCKDR0f2fu2UzWL8mBv5-BHw,,,,,,True
author::UCKVzDUqbtdSMBcexaEtMmzQ,author,@rotorairgroup8409,UCKVzDUqbtdSMBcexaEtMmzQ,,,,,,True
author::UCL13XhnRzbGokEkCkEOb0-g,author,@raquelprado3643,UCL13XhnRzbGokEkCkEOb0-g,,,,,,True
author::UCL1MT278vSaQ83ZDkVWn1gw,author,@elmorodriguez6978,UCL1MT278vSaQ83ZDkVWn1gw,,,,,,True
author::UCLFdHr9BEbXHkoJopbEPLZw,author,@kanterra4584,UCLFdHr9BEbXHkoJopbEPLZw,,,,,,True
author::UCLXYp1Cvc5DLtq5UQL5D9vw,author,@jorgecifuentes-m5g,UCLXYp1Cvc5DLtq5UQL5D9vw,,,,,,True
author::UCLggDc_a5HriXv7I1h02sOA,author,@guillermogonzalez5153,UCLggDc_a5HriXv7I1h02sOA,,,,,,True
author::UCLh1Kde4_vI1sTZBkTNP7RQ,author,@JoelReynoso-d4r,UCLh1Kde4_vI1sTZBkTNP7RQ,,,,,,True
author::UCN2N_wYOw6fMwCeSzdXLPIw,author,@danielantoniogonzalezflore4901,UCN2N_wYOw6fMwCeSzdXLPIw,,,,,,True
author::UCN6qbfPSzFtjhqUDZ3Cv3CQ,author,@carlosmedranovelasquez6380,UCN6qbfPSzFtjhqUDZ3Cv3CQ,,,,,,True
author::UCNBnKqWf4d-rS4HwJRQljmQ,author,@LE_A22,UCNBnKqWf4d-rS4HwJRQljmQ,,,,,,True
author::UCNIeXbV_mEwpa412h1aqUWw,author,@juandeleon9060,UCNIeXbV_mEwpa412h1aqUWw,,,,,,True
author::UCNiMNUJvaRJb0_QLClqwVnA,author,@Santiago.Nolasco,UCNiMNUJvaRJb0_QLClqwVnA,,,,,,True
author::UCNkcuy42zEwddwEcOd_HpnA,author,@vanigomez492,UCNkcuy42zEwddwEcOd_HpnA,,,,,,True
author::UCNpt5CQlTzNjlAKY6CJtClQ,author,@eustaquiogomez9975,UCNpt5CQlTzNjlAKY6CJtClQ,,,,,,True
author::UCO0zwwLWGyDgQmWPJ5Qrr1w,author,@elsalvador3605,UCO0zwwLWGyDgQmWPJ5Qrr1w,,,,,,True
author::UCOARn3hnfkB7-_Rwa8Hoqcw,author,@nicelol5241,UCOARn3hnfkB7-_Rwa8Hoqcw,,,,,,True
author::UCOLGv5Pf6BF2wFcwUzgcvHg,author,@welfrealdana5559,UCOLGv5Pf6BF2wFcwUzgcvHg,,,,,,True
author::UCOLHH4ZpMxPYF-Q6e6wvn5A,author,@luisroldan7374,UCOLHH4ZpMxPYF-Q6e6wvn5A,,,,,,True
author::UCOS8ViEkccrTZx2w2ccxotA,author,@OscarHernandez-q8y,UCOS8ViEkccrTZx2w2ccxotA,,,,,,True
author::UCOY3XpD9qMCRSA8AA8c4CAw,author,@franciscorodas9686,UCOY3XpD9qMCRSA8AA8c4CAw,,,,,,True
author::UCOcUI5XkTYNMSFhZNMIPpGg,author,@hendersonlopez3864,UCOcUI5XkTYNMSFhZNMIPpGg,,,,,,True
author::UCOh6DaZC_x9HASnlRylEMfw,author,@AndresMedina-v1s,UCOh6DaZC_x9HASnlRylEMfw,,,,,,True
author::UCPLW0HE3siElqCgXfgWxMqg,author,@elizabethmonterroso7719,UCPLW0HE3siElqCgXfgWxMqg,,,,,,True
author::UCPNXmbOBVeC4HS-xemvcPtQ,author,@BelkisRodriguezRamirez,UCPNXmbOBVeC4HS-xemvcPtQ,,,,,,True
author::UCPZueDLrCS4BmTBRMA4q0fA,author,@kevinochoa3695,UCPZueDLrCS4BmTBRMA4q0fA,,,,,,True
author::UCQIdKuZ-OzuFqy0KjGrgesg,author,@lyacausa,UCQIdKuZ-OzuFqy0KjGrgesg,,,,,,True
author::UCQM2tCKRRytVDRxNUfCDqQQ,author,@elioelias7267,UCQM2tCKRRytVDRxNUfCDqQQ,,,,,,True
author::UCQMMuADgqWUOcJpLwHOzC-g,author,@Ripped-Yoda,UCQMMuADgqWUOcJpLwHOzC-g,,,,,,True
author::UCQ_-LPP8JAbfkc-b1Q6NvWw,author,@MegaKristenstewart,UCQ_-LPP8JAbfkc-b1Q6NvWw,,,,,,True
author::UCQgYjVngJRfPHDLGB5X6ZjA,author,@oscarnavas9996,UCQgYjVngJRfPHDLGB5X6ZjA,,,,,,True
author::UCQqetiwzzmRNTM5OWuXarGQ,author,@isaiaslopezvelasquez1539,UCQqetiwzzmRNTM5OWuXarGQ,,,,,,True
author::UCQqlPPUGqAfWjd-FSh_qn7Q,author,@estuardoargueta137,UCQqlPPUGqAfWjd-FSh_qn7Q,,,,,,True
author::UCQtICyzWmhC5woCtbNgaSmg,author,@nestormendez6216,UCQtICyzWmhC5woCtbNgaSmg,,,,,,True
author::UCQtSFINs1h6GHkpg9o5kMvg,author,@MacarioMartinezruiz,UCQtSFINs1h6GHkpg9o5kMvg,,,,,,True
author::UCQyOePccUP-fIJYzchAgZYw,author,@aguilar4254,UCQyOePccUP-fIJYzchAgZYw,,,,,,True
author::UCRAquv8el-tQ30bN7MlmySQ,author,@iamjimalesssa,UCRAquv8el-tQ30bN7MlmySQ,,,,,,True
author::UCRETAiYdh2dL5ZxB0_N1zDA,author,@Joseroland21,UCRETAiYdh2dL5ZxB0_N1zDA,,,,,,True
author::UCRcSR3Lvn9DZAmJpVPANfZQ,author,@WalksandSuch,UCRcSR3Lvn9DZAmJpVPANfZQ,,,,,,True
author::UCRelkU8JiZBytTzebJxaa-w,author,@danyraymundo2942,UCRelkU8JiZBytTzebJxaa-w,,,,,,True
author::UCRfkkatKrNtAARnXMMYBGlA,author,@BernerSoza-mg3vx,UCRfkkatKrNtAARnXMMYBGlA,,,,,,True
author::UCRlCV9zSn7avAWh-9_XFWqQ,author,@ronyarana8849,UCRlCV9zSn7avAWh-9_XFWqQ,,,,,,True
author::UCRvPToDkkumha7WJAfCDk1A,author,@ligiaguerra3057,UCRvPToDkkumha7WJAfCDk1A,,,,,,True
author::UCRznz9-N3Qc1w-qNdLSIY2Q,author,@jimmygomez724,UCRznz9-N3Qc1w-qNdLSIY2Q,,,,,,True
author::UCSTAUWVc1_82DHYeqOsqEFA,author,@TheAlexX_C,UCSTAUWVc1_82DHYeqOsqEFA,,,,,,True
author::UCSou6a2OuYGSvPjm5psquyA,author,@FranciscoRivera-sf7ne,UCSou6a2OuYGSvPjm5psquyA,,,,,,True
author::UCTD6q1nyIe3Y7HhqjaMj72w,author,@JuanChang-r6k,UCTD6q1nyIe3Y7HhqjaMj72w,,,,,,True
author::UCTP3O0rMnc8z8v8jaDQwL0w,author,@RobertoZelaya-x1v,UCTP3O0rMnc8z8v8jaDQwL0w,,,,,,True
author::UCTTILH6QCIxbTnEWxwRqs1g,author,@3762Jorge,UCTTILH6QCIxbTnEWxwRqs1g,,,,,,True
author::UCThW2XNsAaBKme5PUt7n-Zg,author,@thelmamoran8565,UCThW2XNsAaBKme5PUt7n-Zg,,,,,,True
author::UCTwSut16JyAg3mX6LVUNGqA,author,@SuperVictor2005,UCTwSut16JyAg3mX6LVUNGqA,,,,,,True
author::UCTylKrsqkrBKIqubMu_5N0Q,author,@edwingeovanymarroquinmarro6684,UCTylKrsqkrBKIqubMu_5N0Q,,,,,,True
author::UCUIIIPTVDVHAXqhC_5V6lPA,author,@gorrarota,UCUIIIPTVDVHAXqhC_5V6lPA,,,,,,True
author::UCUoYsrx1oZnCZ0usbBJn4fA,author,@AnaDiaz-re9sq,UCUoYsrx1oZnCZ0usbBJn4fA,,,,,,True
author::UCV0iizTBoOfdAFX_thfI9BA,author,@BenjaminLarios-jd8nk,UCV0iizTBoOfdAFX_thfI9BA,,,,,,True
author::UCV0lM03g5fg5pbPj97-sAtA,author,@genarodelgado3929,UCV0lM03g5fg5pbPj97-sAtA,,,,,,True
author::UCV3fr-YOixFKCZBbJP1-X4w,author,@albertoshernandez5251,UCV3fr-YOixFKCZBbJP1-X4w,,,,,,True
author::UCVC2QugcI1G4RvlCiUqd1aQ,author,@rwdm76,UCVC2QugcI1G4RvlCiUqd1aQ,,,,,,True
author::UCVQf0tzL7xRzFJsABVVULpg,author,@DennisseLopetegi,UCVQf0tzL7xRzFJsABVVULpg,,,,,,True
author::UCVdjCrh4tQoX3haNAZv-n5A,author,@aurahernandez5646,UCVdjCrh4tQoX3haNAZv-n5A,,,,,,True
author::UCVhif9eV0f8plICen2DnpKA,author,@blogarteplus,UCVhif9eV0f8plICen2DnpKA,,,,,,True
author::UCW-JC6lebVmf2P1dmY_L94g,author,@dinoraoroxon5771,UCW-JC6lebVmf2P1dmY_L94g,,,,,,True
author::UCW80DaMjQlEUibC98Cot-Dg,author,@rogeraldana4289,UCW80DaMjQlEUibC98Cot-Dg,,,,,,True
author::UCWIZUtKJ636y-4TYrNvok0g,author,@cesarandreas7824,UCWIZUtKJ636y-4TYrNvok0g,,,,,,True
author::UCWWkebAekppaL5b5CNlppuw,author,@ninettmartinez425,UCWWkebAekppaL5b5CNlppuw,,,,,,True
author::UCWaRixDdpgllTBf4V0jPnKQ,author,@hectormaaz5523,UCWaRixDdpgllTBf4V0jPnKQ,,,,,,True
author::UCWoAVGVqCn4xtINCMOTM4jg,author,@OmarMartinez-vv8re,UCWoAVGVqCn4xtINCMOTM4jg,,,,,,True
author::UCWvntqPQx99k_Z_skWKqNSA,author,@AntonioChiyal-x5s,UCWvntqPQx99k_Z_skWKqNSA,,,,,,True
author::UCXN2s7DwTJm33xO-pNkAdaA,author,@edithsan7688,UCXN2s7DwTJm33xO-pNkAdaA,,,,,,True
author::UCXO1BBohNWXkK9SBDAG2ySg,author,@JBFlute92,UCXO1BBohNWXkK9SBDAG2ySg,,,,,,True
author::UCXSkL3ejZ8qWYyF_M7s_QKA,author,@JacintaTzoy,UCXSkL3ejZ8qWYyF_M7s_QKA,,,,,,True
author::UCXVLc8CmAO813ubM-fLvCDw,author,@herminiasaquimux7565,UCXVLc8CmAO813ubM-fLvCDw,,,,,,True
author::UCXXh7yg5KUFIWylTiKVEFKQ,author,@MrDuenderojo,UCXXh7yg5KUFIWylTiKVEFKQ,,,,,,True
author::UCXgr7vXlRrsaskPdo097kGA,author,@Rogergh-nw4oj,UCXgr7vXlRrsaskPdo097kGA,,,,,,True
author::UCXl30Y_upRqbti52fmjK4YA,author,@capitanfrans,UCXl30Y_upRqbti52fmjK4YA,,,,,,True
author::UCXmrpc6Li0spcKxtS0Q_ptg,author,@melvinperez6710,UCXmrpc6Li0spcKxtS0Q_ptg,,,,,,True
author::UCXr8_5WtGeipe4haOoQDgyQ,author,@amyherrera7352,UCXr8_5WtGeipe4haOoQDgyQ,,,,,,True
author::UCY7Hq7F9Lnucf-Yr6JkHZNw,author,@maynorcalel1442,UCY7Hq7F9Lnucf-Yr6JkHZNw,,,,,,True
author::UCYN4wSQ1Sx4_LurxLlW7MPg,author,@belarminavillatoro6474,UCYN4wSQ1Sx4_LurxLlW7MPg,,,,,,True
author::UCYwpX26TrCxq8TvbKGRYLXA,author,@beneficioelcaminovillacana8540,UCYwpX26TrCxq8TvbKGRYLXA,,,,,,True
author::UCZ51R_9Q9C0c8I3pAWhtmjQ,author,@belvettzapeta1251,UCZ51R_9Q9C0c8I3pAWhtmjQ,,,,,,True
author::UCZFQwqh90apuL8eFhvRBkUg,author,@luisricardo9671,UCZFQwqh90apuL8eFhvRBkUg,,,,,,True
author::UCZIQnb1fkwe39Iw2TAu-bGA,author,@jorgegomez2237,UCZIQnb1fkwe39Iw2TAu-bGA,,,,,,True
author::UCZLG9qH0tUjNhEGFIUt0CYw,author,@SoniaMarroquin-y6e,UCZLG9qH0tUjNhEGFIUt0CYw,,,,,,True
author::UCZOmq6MwFDVoCaEl99BRRaw,author,@daniloarevalo3170,UCZOmq6MwFDVoCaEl99BRRaw,,,,,,True
author::UCZeIIQrGAedW8tCbKWmGY-A,author,@mariocordon8873,UCZeIIQrGAedW8tCbKWmGY-A,,,,,,True
author::UCZjm6U576nX8WOiLhmMR3bw,author,@MariaNavarroYT,UCZjm6U576nX8WOiLhmMR3bw,,,,,,True
author::UC_3xuTXvMIWU5MYP9HkJ3vQ,author,@Historia-wm4os,UC_3xuTXvMIWU5MYP9HkJ3vQ,,,,,,True
author::UC_6KbBY1bsYXz9fwFS0eQRg,author,@imrcp5694,UC_6KbBY1bsYXz9fwFS0eQRg,,,,,,True
author::UC_LYoGs5C3mbZKZuKuqYCvw,author,@javiercifuentesarchila6041,UC_LYoGs5C3mbZKZuKuqYCvw,,,,,,True
author::UC_NRVt2UP88ZNTwzrZ66JSg,author,@aditalissethevasquezrojas8039,UC_NRVt2UP88ZNTwzrZ66JSg,,,,,,True
author::UC_ljZ1hZXR9pzexFz87P5ZA,author,@ChRiStOpHeR7969,UC_ljZ1hZXR9pzexFz87P5ZA,,,,,,True
author::UCa36MjQLoPAmgJo-R3G8WQA,author,@elsasalguero6914,UCa36MjQLoPAmgJo-R3G8WQA,,,,,,True
author::UCaKAjTW9MVub_clgr4DRYjQ,author,@josecastillo4390,UCaKAjTW9MVub_clgr4DRYjQ,,,,,,True
author::UCaT4saRcyqCLE657Rq2hhZQ,author,@elmilenial4064,UCaT4saRcyqCLE657Rq2hhZQ,,,,,,True
author::UCaT6M2zp7X6r6Whd8Vv3kHQ,author,@alexarcos8349,UCaT6M2zp7X6r6Whd8Vv3kHQ,,,,,,True
author::UCat2qkYvqmtDNEmo2PVuhXw,author,@DoraSalas-j5o,UCat2qkYvqmtDNEmo2PVuhXw,,,,,,True
author::UCbNanjFI51cwGqMAb2rOrBw,author,@RosaMontesdeOca777,UCbNanjFI51cwGqMAb2rOrBw,,,,,,True
author::UCbYoNG5J3Au5BqtbXogfEFw,author,@Luis-gn3fj,UCbYoNG5J3Au5BqtbXogfEFw,,,,,,True
author::UCbrtvygfRT6QXqWDNrOf-cA,author,@Alejandro00710,UCbrtvygfRT6QXqWDNrOf-cA,,,,,,True
author::UCcFIBN-rtC3d3hXeuN5TfWw,author,@DenisRMC,UCcFIBN-rtC3d3hXeuN5TfWw,,,,,,True
author::UCc_F88PzGWtA1OPNUEASulA,author,@rockyscarlet,UCc_F88PzGWtA1OPNUEASulA,,,,,,True
author::UCcfdg8crmMJwEuLUsAhV7yg,author,@RolandoRaguay,UCcfdg8crmMJwEuLUsAhV7yg,,,,,,True
author::UCdFlugHJJa4l3YqWuNRmvXw,author,@MarcosCarillo-b1r,UCdFlugHJJa4l3YqWuNRmvXw,,,,,,True
author::UCdQAuWwyC99MB7Y02Umj26Q,author,@miguelbran1268,UCdQAuWwyC99MB7Y02Umj26Q,,,,,,True
author::UCe8JZoYkX5oKUZyivHYdXhw,author,@FernandoGarcia-jg1fj,UCe8JZoYkX5oKUZyivHYdXhw,,,,,,True
author::UCeDNEtI8_a42bZ47wJiJMwQ,author,@EdgarcalderonCalderong,UCeDNEtI8_a42bZ47wJiJMwQ,,,,,,True
author::UCeQk-WfEA-cJRq4EKeE7TOw,author,@franciscojuarez9223,UCeQk-WfEA-cJRq4EKeE7TOw,,,,,,True
author::UCefAH1MbvADWUjE9WVcB9EQ,author,@jabriz8152,UCefAH1MbvADWUjE9WVcB9EQ,,,,,,True
author::UCf5lnNZF7Qrtli9v4N_23WQ,author,@CarlosCortez-v5r,UCf5lnNZF7Qrtli9v4N_23WQ,,,,,,True
author::UCfM3nrxtTQMY5jFx1v1J4Gg,author,@edgarroldan5539,UCfM3nrxtTQMY5jFx1v1J4Gg,,,,,,True
author::UCfRqgt2O-vjzUDMZY_tnxQw,author,@Williams-Garcia67E,UCfRqgt2O-vjzUDMZY_tnxQw,,,,,,True
author::UCfXykdbSU97rj987LDUGfvg,author,@MariaSantos-c8y3h,UCfXykdbSU97rj987LDUGfvg,,,,,,True
author::UCfjhejO7LZy4doXURa7LZCQ,author,@HonwayLee-z5g,UCfjhejO7LZy4doXURa7LZCQ,,,,,,True
author::UCfo_yUPzy1f1POwwZxhZ06Q,author,@lara11roberto,UCfo_yUPzy1f1POwwZxhZ06Q,,,,,,True
author::UCg3eIfd7BrsLEqS0BLkftHA,author,@ErmePérez-q4s,UCg3eIfd7BrsLEqS0BLkftHA,,,,,,True
author::UCgGqw4aqMdMVSGkKiMgrJRQ,author,@pattyfigueroa5609,UCgGqw4aqMdMVSGkKiMgrJRQ,,,,,,True
author::UCgJNFj5dnxXpcMvmuhZDPxA,author,@NataliaRodriguez-rx5mr,UCgJNFj5dnxXpcMvmuhZDPxA,,,,,,True
author::UCgLrWFdYitoP-b7-PxtUr-w,author,@zetag,UCgLrWFdYitoP-b7-PxtUr-w,,,,,,True
author::UCgLurCo-e019HGODcjXHWCw,author,@perritojuega1,UCgLurCo-e019HGODcjXHWCw,,,,,,True
author::UCgQJgI9vu1FI2dnC9mrFthw,author,@srms70,UCgQJgI9vu1FI2dnC9mrFthw,,,,,,True
author::UCgQw_Sbq3ugruDUKsq1e0-A,author,@marlenareano-h4t,UCgQw_Sbq3ugruDUKsq1e0-A,,,,,,True
author::UCgvw7xIdGFupzpt1Y_BFkEA,author,@fredygarcia9151,UCgvw7xIdGFupzpt1Y_BFkEA,,,,,,True
author::UCh5ESQvtzyHDhCA7XyekCFA,author,@andyB5280,UCh5ESQvtzyHDhCA7XyekCFA,,,,,,True
author::UChT7pzGytNd92Nmvi-zuWog,author,@sparkvalkov,UChT7pzGytNd92Nmvi-zuWog,,,,,,True
author::UChZknRmJkeGeQk0-mQuhDOg,author,@OdilioRodríguez-c5w,UChZknRmJkeGeQk0-mQuhDOg,,,,,,True
author::UCheEJ5GZuIvV0fj-nXyVwXw,author,@rosaoliva9389,UCheEJ5GZuIvV0fj-nXyVwXw,,,,,,True
author::UChep9kVb5gQmpodEEl10Xlg,author,@carlosaguilar-kz7ml,UChep9kVb5gQmpodEEl10Xlg,,,,,,True
author::UChgkn5Jt5tWKYMoEOuCjz3Q,author,@pablochitay46,UChgkn5Jt5tWKYMoEOuCjz3Q,,,,,,True
author::UChs3tU2BcKOT0CezykvAsGw,author,@byronpontaza,UChs3tU2BcKOT0CezykvAsGw,,,,,,True
author::UChyps3dqY-VY1_wLeq-2lhw,author,@maydamorales4395,UChyps3dqY-VY1_wLeq-2lhw,,,,,,True
author::UCi-vPdnpQreC7BkFs40mJGA,author,@bryansicasales4280,UCi-vPdnpQreC7BkFs40mJGA,,,,,,True
author::UCi1b_TRQfgO1Z9O2gNGGWNA,author,@davidisraelesquitsaquil,UCi1b_TRQfgO1Z9O2gNGGWNA,,,,,,True
author::UCi2KiZq63sRq8Mfbcp-MelQ,author,@eugeneramirez4405,UCi2KiZq63sRq8Mfbcp-MelQ,,,,,,True
author::UCiC-Jn7wdgyQV4_Urk0DkWQ,author,@pedroros6358,UCiC-Jn7wdgyQV4_Urk0DkWQ,,,,,,True
author::UCiGRBf2RNF0WRKhRVT7zFoA,author,@edwinavila4876,UCiGRBf2RNF0WRKhRVT7zFoA,,,,,,True
author::UCiMythXHsw7eQEMykCdmMUA,author,@JavierBecerra-h6x,UCiMythXHsw7eQEMykCdmMUA,,,,,,True
author::UCiOZX__1gahg1ypIj0_XG_w,author,@mariogonzalezorellana8956,UCiOZX__1gahg1ypIj0_XG_w,,,,,,True
author::UCipetjeiWj4CZB6EbyYziZg,author,@OseasSamayoa-ol5rz,UCipetjeiWj4CZB6EbyYziZg,,,,,,True
author::UCj-LL25XJnjxepPKCc3NGog,author,@anaaguirre8985,UCj-LL25XJnjxepPKCc3NGog,,,,,,True
author::UCjJf-AJKRFFWtiN-CSwkDmA,author,@2jose82,UCjJf-AJKRFFWtiN-CSwkDmA,,,,,,True
author::UCjSKM9j0Q7HLDr1hD6D-TUw,author,@josehidalgo4875,UCjSKM9j0Q7HLDr1hD6D-TUw,,,,,,True
author::UCjZgFEowMBrsjodqfovzdKw,author,@franciscoflores3120,UCjZgFEowMBrsjodqfovzdKw,,,,,,True
author::UCjmPuazZJzscrwvk0QR9RVw,author,@mynorrodas8591,UCjmPuazZJzscrwvk0QR9RVw,,,,,,True
author::UCk4O-J1BhoqPmig1KLGJePA,author,@lazarobarillas3575,UCk4O-J1BhoqPmig1KLGJePA,,,,,,True
author::UCkVtmkK07b2zaVVNssX4lOg,author,@HectorElias-u2l,UCkVtmkK07b2zaVVNssX4lOg,,,,,,True
author::UCkbsS_3D-pvg1iHOld9uvIg,author,@gonzalo6075,UCkbsS_3D-pvg1iHOld9uvIg,,,,,,True
author::UCkd9W714-947dEE6ZOEBATA,author,@ARGELIATELON,UCkd9W714-947dEE6ZOEBATA,,,,,,True
author::UCkxdJ_yGN2gghOMo2ybQtXQ,author,@11223344An,UCkxdJ_yGN2gghOMo2ybQtXQ,,,,,,True
author::UCl0ekS9Tt0jJGtOEM18S63w,author,@monkchapin,UCl0ekS9Tt0jJGtOEM18S63w,,,,,,True
author::UCld2stqxaVSk0QdGncM224A,author,@sarahernandez3873,UCld2stqxaVSk0QdGncM224A,,,,,,True
author::UClhMWQ7XKWywYvbRnuf8QsA,author,@EcPerez-zz9oh,UClhMWQ7XKWywYvbRnuf8QsA,,,,,,True
author::UCljDbleJul41G1TzOjOZAVA,author,@hectorcarranza3777,UCljDbleJul41G1TzOjOZAVA,,,,,,True
author::UClqA491Xa5fQcXcJJa-vTWw,author,@AndresLemus-k2d,UClqA491Xa5fQcXcJJa-vTWw,,,,,,True
author::UClsrFGJKWPxxw7MiaEdKLXw,author,@ericapaz5406,UClsrFGJKWPxxw7MiaEdKLXw,,,,,,True
author::UCmjppp6ujz3SAnULvP3sZMw,author,@marcomendez7509,UCmjppp6ujz3SAnULvP3sZMw,,,,,,True
author::UCmvOgzmmXbjUthHy-WJ52hQ,author,@mariorodas593,UCmvOgzmmXbjUthHy-WJ52hQ,,,,,,True
author::UCnU8wO1OurAmGstDw6VGjgQ,author,@cmorera21,UCnU8wO1OurAmGstDw6VGjgQ,,,,,,True
author::UCoGdCoJg2Lh0OX_jv6cG16g,author,@Israel-u5i7i,UCoGdCoJg2Lh0OX_jv6cG16g,,,,,,True
author::UColMq7LmaoY3MT6aIDGrGvA,author,@quijotachapina1,UColMq7LmaoY3MT6aIDGrGvA,,,,,,True
author::UCozFYHN0e_-vlQbX3wQGOug,author,@jesusguzman2321,UCozFYHN0e_-vlQbX3wQGOug,,,,,,True
author::UCp29O_C7cchZV8IxV7Crdag,author,@robertoescobar5507,UCp29O_C7cchZV8IxV7Crdag,,,,,,True
author::UCp4iw5_5SmV9VGTFSNVGOmQ,author,@CARLOSSTREMS51,UCp4iw5_5SmV9VGTFSNVGOmQ,,,,,,True
author::UCpIdtvoFHVLGASGB5ySqIEA,author,@VidalVillatoro-p4w,UCpIdtvoFHVLGASGB5ySqIEA,,,,,,True
author::UCp_dAUfv8i3LW3zWc24dLaQ,author,@MarioCortez-o6v,UCp_dAUfv8i3LW3zWc24dLaQ,,,,,,True
author::UCpe5jW3MIqkgTJ-PgkzvM6Q,author,@carloslam5333,UCpe5jW3MIqkgTJ-PgkzvM6Q,,,,,,True
author::UCpl8rF8uv_8uui-QRvuJaRA,author,@SergioGarcia-z9c,UCpl8rF8uv_8uui-QRvuJaRA,,,,,,True
author::UCplrIQtaPj6au60_f2-mOYw,author,@romeolopezherrarte799,UCplrIQtaPj6au60_f2-mOYw,,,,,,True
author::UCpsKOkt5iWTbenzeuq7dsmQ,author,@inge_vergueta,UCpsKOkt5iWTbenzeuq7dsmQ,,,,,,True
author::UCq3mDTTRZnUybct5M9OSXbg,author,@MacoMorales-i2i2d,UCq3mDTTRZnUybct5M9OSXbg,,,,,,True
author::UCqCrvuoJpC-aVb0f4logQRQ,author,@Lyrics_GT,UCqCrvuoJpC-aVb0f4logQRQ,,,,,,True
author::UCqilIa8r7iek5sGYg_q6ofA,author,@rolandojuchuna484,UCqilIa8r7iek5sGYg_q6ofA,,,,,,True
author::UCql1n3Ey6ULMSOACjMe-fxQ,author,@RolandoGonzalez-o7g,UCql1n3Ey6ULMSOACjMe-fxQ,,,,,,True
author::UCr1emrogPKkKTs_WTtx71xg,author,@domingopeneleu6457,UCr1emrogPKkKTs_WTtx71xg,,,,,,True
author::UCrJn_rbo_ENAdeqneS-RmRw,author,@josecarrera9623,UCrJn_rbo_ENAdeqneS-RmRw,,,,,,True
author::UCrqXyRsg-_hTosURZ-uvoKg,author,@flornolberto2425,UCrqXyRsg-_hTosURZ-uvoKg,,,,,,True
author::UCsGoJEvb-cFPZ2rWoJcXzEQ,author,@sergiohinestroza9709,UCsGoJEvb-cFPZ2rWoJcXzEQ,,,,,,True
author::UCsJJAvrVGupdmhOqgtDp8dg,author,@nestorlorenzana1168,UCsJJAvrVGupdmhOqgtDp8dg,,,,,,True
author::UCsSXdJct-nsS8DsABoEsaYA,author,@IvánPérez-j4j,UCsSXdJct-nsS8DsABoEsaYA,,,,,,True
author::UCsUCN0Yq_UyTvKjOJLmNrnQ,author,@moisesvaldez4043,UCsUCN0Yq_UyTvKjOJLmNrnQ,,,,,,True
author::UCs_5qeqdku9tGAq22y3OcuQ,author,@alexandrevasquez4135,UCs_5qeqdku9tGAq22y3OcuQ,,,,,,True
author::UCsjs5Hp_r86x1xbK6FAeqaA,author,@alvaroesquivel563,UCsjs5Hp_r86x1xbK6FAeqaA,,,,,,True
author::UCtCtts20bW6F9CSohau51Iw,author,@carlosgranados9875,UCtCtts20bW6F9CSohau51Iw,,,,,,True
author::UCtMBF_1O2jY2INlb_luuB_A,author,@mynorgudiel8646,UCtMBF_1O2jY2INlb_luuB_A,,,,,,True
author::UCtNfIBnc5S5DbbQj_yxgJTw,author,@JosueRamirez-ey3ih,UCtNfIBnc5S5DbbQj_yxgJTw,,,,,,True
author::UCtNyHmRZtvGF2hSvI2dUBWw,author,@aureliomaldonado4793,UCtNyHmRZtvGF2hSvI2dUBWw,,,,,,True
author::UCtUR3_CAiE7fCoZHM6cMfyQ,author,@mdelcid01,UCtUR3_CAiE7fCoZHM6cMfyQ,,,,,,True
author::UCtiHFjFu7d5v2XxHnKFUYig,author,@Paul-gf7ec,UCtiHFjFu7d5v2XxHnKFUYig,,,,,,True
author::UCtowGNY2lnlg6O2CkwDgkLg,author,@taniagabrielacelis8434,UCtowGNY2lnlg6O2CkwDgkLg,,,,,,True
author::UCtsxPYw8VUsH_FfnKg-0lmw,author,@AlejandroPérez-b6r,UCtsxPYw8VUsH_FfnKg-0lmw,,,,,,True
author::UCu8_3-Wg-YzNyvHYQDEscfw,author,@RolandoCastroPérez-d7y,UCu8_3-Wg-YzNyvHYQDEscfw,,,,,,True
author::UCuP4UK33HKtJE_S39ksmaTw,author,@herbertaguilar1387,UCuP4UK33HKtJE_S39ksmaTw,,,,,,True
author::UCuXmOjxC-htcprLgeVXz6Tg,author,@jorgeaguilar-bq3uj,UCuXmOjxC-htcprLgeVXz6Tg,,,,,,True
author::UCueV9cTyTDwgQSec1x2dYgA,author,@fredydomingo7062,UCueV9cTyTDwgQSec1x2dYgA,,,,,,True
author::UCujPF2nBgsTD62nWE3lcpIg,author,@victorarturoruanobautista7588,UCujPF2nBgsTD62nWE3lcpIg,,,,,,True
author::UCusjriFsDHEc2AOjqk-p5ig,author,@pablobarrios7931,UCusjriFsDHEc2AOjqk-p5ig,,,,,,True
author::UCut6b9S98nv84cVX89PmKzA,author,@yeniferaguirre4498,UCut6b9S98nv84cVX89PmKzA,,,,,,True
author::UCvApqeCbLod-wejtT4CcVuA,author,@davidgaher9550,UCvApqeCbLod-wejtT4CcVuA,,,,,,True
author::UCvDwJBBY1mHK70aTEYl6rsA,author,@cristianescobedo8296,UCvDwJBBY1mHK70aTEYl6rsA,,,,,,True
author::UCvcu1kR8xMYy_I1Ty-2mV2Q,author,@hashojea7348,UCvcu1kR8xMYy_I1Ty-2mV2Q,,,,,,True
author::UCvl1tzQeBeGy6efPTRJXSCw,author,@RaulPerez-cw2vi,UCvl1tzQeBeGy6efPTRJXSCw,,,,,,True
author::UCwCfs-2zbD5k0lG-UVg_JBw,author,@JessicaHuaz-96,UCwCfs-2zbD5k0lG-UVg_JBw,,,,,,True
author::UCwEe1RKlEv1UpNWmWYfSh4w,author,@marioramirez299,UCwEe1RKlEv1UpNWmWYfSh4w,,,,,,True
author::UCwO2SXr0ggzwg6QWWrr01nQ,author,@ricardofigueroa5720,UCwO2SXr0ggzwg6QWWrr01nQ,,,,,,True
author::UCwUAv3_LpWVtTIi7lkmTL7A,author,@kingr4706,UCwUAv3_LpWVtTIi7lkmTL7A,,,,,,True
author::UCwW2OFy95P7ZBkOPxWkpvYg,author,@TeresaLucero-b5o,UCwW2OFy95P7ZBkOPxWkpvYg,,,,,,True
author::UCwgCc9Jd_gG-uLE_SY-FfPg,author,@armindapenados2841,UCwgCc9Jd_gG-uLE_SY-FfPg,,,,,,True
author::UCwha8rxULYMVtNwZWeSkE1A,author,@mariasamo8637,UCwha8rxULYMVtNwZWeSkE1A,,,,,,True
author::UCwjUvRseNtJoItylIyIez7Q,author,@Silviazea,UCwjUvRseNtJoItylIyIez7Q,,,,,,True
author::UCwxoKK59nGCeBqB2sXfDBIw,author,@vic-bonivideos,UCwxoKK59nGCeBqB2sXfDBIw,,,,,,True
author::UCxKR3RA8T-kxMgq_2WWhRcQ,author,@elenaluarca9377,UCxKR3RA8T-kxMgq_2WWhRcQ,,,,,,True
author::UCxcoDvP-g2_KTZDmVZtvb3w,author,@angelmartinez9523,UCxcoDvP-g2_KTZDmVZtvb3w,,,,,,True
author::UCxff05WuyvwELNITi7bj7UA,author,@markoherrera,UCxff05WuyvwELNITi7bj7UA,,,,,,True
author::UCxhtlxPV8AYWaNNyU6S9H8Q,author,@WilR-s8r,UCxhtlxPV8AYWaNNyU6S9H8Q,,,,,,True
author::UCyJhqmMbsvjpoarBBStA2kg,author,@Murmullodelbarrio,UCyJhqmMbsvjpoarBBStA2kg,,,,,,True
author::UCySYJU5kUh7X8gVt9la2ISA,author,@dantesarti4351,UCySYJU5kUh7X8gVt9la2ISA,,,,,,True
author::UCyW68EGZey4ao_Vf2cR5Ztg,author,@ZabalaXabier,UCyW68EGZey4ao_Vf2cR5Ztg,,,,,,True
author::UCylqlpsh8ENNM1LqgQ1KbxA,author,@Jel.Awesh.M,UCylqlpsh8ENNM1LqgQ1KbxA,,,,,,True
author::UCyor0Mmm0ivLX2jIdyGp84Q,author,@MiguelJordan-n3g,UCyor0Mmm0ivLX2jIdyGp84Q,,,,,,True
author::UCyzf29IYjNw67gGIfsjgtxA,author,@carlosoliva9249,UCyzf29IYjNw67gGIfsjgtxA,,,,,,True
author::UCz3gu01bmjNv0DpRq-K3XYg,author,@eusebiovasquez4385,UCz3gu01bmjNv0DpRq-K3XYg,,,,,,True
author::UCzSfZlOVxBSs5ObD25ywxDQ,author,@GilmarMaldonado-q9m,UCzSfZlOVxBSs5ObD25ywxDQ,,,,,,True
author::UCzZ6dDCEsLMXbc5pCFXIprw,author,@josegil3813,UCzZ6dDCEsLMXbc5pCFXIprw,,,,,,True
author::UCzoL2l5H5eVlorWGH8AZfAg,author,@jor77cas,UCzoL2l5H5eVlorWGH8AZfAg,,,,,,True
video::-5puKGEqcUc,video,INSIVUMEH pronostica incremento de lluvias para el fin de semana en Guatemala,,-5puKGEqcUc,INSIVUMEH pronostica incremento de lluvias para el fin de semana en Guatemala,T13 Noticias Guatemala,News & Politics,2357,False
video::-E7OPOLjMug,video,BERNARDO ARÉVALO CALIFICA CAMBIO EN EL MP COMO EL FIN DE UNA ETAPA DE DETERIORO INSTITUCIONAL,,-E7OPOLjMug,BERNARDO ARÉVALO CALIFICA CAMBIO EN EL MP COMO EL FIN DE UNA ETAPA DE DETERIORO INSTITUCIONAL,IDocumenta,People & Blogs,4,False
video::-KDglrIzRKo,video,¡HISTÓRICO! Mexico recupera petróleo robado por Guatemala... 🔔,,-KDglrIzRKo,¡HISTÓRICO! Mexico recupera petróleo robado por Guatemala... 🔔,México Poder,People & Blogs,29736,False
video::-O4Pa7qS9WQ,video,"Viaje completo Ciudad de Guatemala al IRTRA de Retalhuleu, menos tráfico, Diesel a Q42.59",,-O4Pa7qS9WQ,"Viaje completo Ciudad de Guatemala al IRTRA de Retalhuleu, menos tráfico, Diesel a Q42.59",Guate Maya Trip,Nonprofits & Activism,383,False
video::06mFNPU0aB8,video,Capturan a presuntos delincuentes disfrazados de mujer señalados de cometer asalto,,06mFNPU0aB8,Capturan a presuntos delincuentes disfrazados de mujer señalados de cometer asalto,Noti7,News & Politics,6692,True
video::0LTLUY7LBlA,video,"Qué debes saber ANTES de viajar a GUATEMALA | Dónde cambiar DINERO, adquirir INTERNET y TRANSPORTE",,0LTLUY7LBlA,"Qué debes saber ANTES de viajar a GUATEMALA | Dónde cambiar DINERO, adquirir INTERNET y TRANSPORTE",De viaje con Migue,Travel & Events,6099,False
video::0a4_g1R1-aA,video,Acciones relevantes en el #Resumen24Horas,,0a4_g1R1-aA,Acciones relevantes en el #Resumen24Horas,PNCdeGuatemala,Science & Technology,15455,False
video::0b2vfzXdCqs,video,Cadena Nacional del presidente Bernardo Arévalo,,0b2vfzXdCqs,Cadena Nacional del presidente Bernardo Arévalo,Gobierno de la República de Guatemala,Entertainment,2725,False
video::0eiVPMexNOo,video,CONRED se pronuncia tras sismos en el territorio nacional,,0eiVPMexNOo,CONRED se pronuncia tras sismos en el territorio nacional,TN23 Guatemala,News & Politics,1875,False
video::0iQD8zHxZIg,video,SE FILTRO un AUDIO de PANDILLEROS en Guatemala | DISPUTA POLITICA  Guatemala en medio de EMERGENCIA,,0iQD8zHxZIg,SE FILTRO un AUDIO de PANDILLEROS en Guatemala | DISPUTA POLITICA  Guatemala en medio de EMERGENCIA,Tras la Verdad SV,News & Politics,36701,False
video::1-hr8eCOt_I,video,Este es el impacto ante el incremento del tráfico en la capital por el inicio de clases,,1-hr8eCOt_I,Este es el impacto ante el incremento del tráfico en la capital por el inicio de clases,AztecaGuate,Entertainment,289,False
video::1HQLJycvzaQ,video,Conferencia de Prensa del Gobierno de Guatemala. #LaRondaGt,,1HQLJycvzaQ,Conferencia de Prensa del Gobierno de Guatemala. #LaRondaGt,Gobierno de la República de Guatemala,Entertainment,1175,False
video::1kSG-naIgqk,video,PRIMERA SEDE MIGRATORIA REGIONAL EN CHIQUIMULA,,1kSG-naIgqk,PRIMERA SEDE MIGRATORIA REGIONAL EN CHIQUIMULA,Vicepresidencia Guate,Entertainment,48,False
video::1w9faaYjhyU,video,Fundación de la República de Guatemala 21 marzo 1847,,1w9faaYjhyU,Fundación de la República de Guatemala 21 marzo 1847,El profe de Historia Gt,People & Blogs,31697,False
video::1y61Kb9uSbg,video,Departamento de Tránsito de PNC certifica a 43 PMT en Educación Vial,,1y61Kb9uSbg,Departamento de Tránsito de PNC certifica a 43 PMT en Educación Vial,Ministerio de Gobernación,News & Politics,471,False
video::1yHN9Ci7pXs,video,Municipalidad de Guatemala informa,,1yHN9Ci7pXs,Municipalidad de Guatemala informa,Municipalidad de Guatemala,People & Blogs,1617,False
video::2iqOSL9YguA,video,Gabriel García Luna ya está en el MP para asumir como nuevo fiscal general,,2iqOSL9YguA,Gabriel García Luna ya está en el MP para asumir como nuevo fiscal general,Guatevisión,Entertainment,5181,False
video::2n31FhKmELI,video,TRÁFICO EN GUATEMALA,,2n31FhKmELI,TRÁFICO EN GUATEMALA,Fralis Maxiel Martinez,People & Blogs,512,False
video::2p23yPpu6aQ,video,#Conred,,2p23yPpu6aQ,#Conred,Noticias-FA-Gt,People & Blogs,164,False
video::3-jKER3zqcA,video,VECINO VRS AGENTES DE LA PMT EN MAZATENANGO,,3-jKER3zqcA,VECINO VRS AGENTES DE LA PMT EN MAZATENANGO,audioschileros,People & Blogs,70811,False
video::3LAwISMokIg,video,MUNICIPALIDAD DE GUATEMALA 17/12/2025,,3LAwISMokIg,MUNICIPALIDAD DE GUATEMALA 17/12/2025,Concejales de Oposición - Muni Guate,People & Blogs,294,False
video::3Nfp9h5avBI,video,"Noticiero en Directo 1 pm, 28 de Agosto de 2026",,3Nfp9h5avBI,"Noticiero en Directo 1 pm, 28 de Agosto de 2026",Noticiero Guatevisión 13 Hrs.,News & Politics,573,True
video::3P2OUk7aGmc,video,Presidente presenta Segundo Informe Presidencial en Sesión Solemne del Congreso de la República.,,3P2OUk7aGmc,Presidente presenta Segundo Informe Presidencial en Sesión Solemne del Congreso de la República.,Gobierno de la República de Guatemala,Entertainment,2838,False
video::3S3KygWSjAQ,video,Himno de la Policía Nacional Civil de Guatemala,,3S3KygWSjAQ,Himno de la Policía Nacional Civil de Guatemala,PNCdeGuatemala,News & Politics,53021,False
video::3bU7I_ZpXUk,video,Congreso inicia proceso para nombrar a nuevo Fiscal General en Guatemala y suceder a Consuelo Porras,,3bU7I_ZpXUk,Congreso inicia proceso para nombrar a nuevo Fiscal General en Guatemala y suceder a Consuelo Porras,PrensaLibreOficial,News & Politics,7465,False
video::3onMfRym3OU,video,PRIMER PUENTE DONDE ARRIBA VA EL TRÁFICO Y ABAJO UN TREN EN GUATEMALA Y AMÉRICA LATINA.,,3onMfRym3OU,PRIMER PUENTE DONDE ARRIBA VA EL TRÁFICO Y ABAJO UN TREN EN GUATEMALA Y AMÉRICA LATINA.,Cronos Time GT,Education,4484,False
video::45xQLtMlPdo,video,"PRESIDENTE DE GUATEMALA, BERNARDO ARÉVALO SE REFIERE AL “DÍA INTERNACIONAL DE LA LIBERTAD DE PRENSA”",,45xQLtMlPdo,"PRESIDENTE DE GUATEMALA, BERNARDO ARÉVALO SE REFIERE AL “DÍA INTERNACIONAL DE LA LIBERTAD DE PRENSA”",IDocumenta,People & Blogs,8,False
video::4DD1nlxWk2s,video,Fuertes LLUVIAS en el JABALI; a si luce una Tarde de Tormenta 😱,,4DD1nlxWk2s,Fuertes LLUVIAS en el JABALI; a si luce una Tarde de Tormenta 😱,VIVA GUATEMALA,Entertainment,27111,False
video::4FUed7cIhPU,video,El Sistema CONRED y el Gobierno de Guatemala trabajan unidos para atender emergencias.,,4FUed7cIhPU,El Sistema CONRED y el Gobierno de Guatemala trabajan unidos para atender emergencias.,Conred,Education,47,False
video::4H6w9FQAcS8,video,"Avances en temas de economía, precios de los combustibles y otros temas de interés nacional.",,4H6w9FQAcS8,"Avances en temas de economía, precios de los combustibles y otros temas de interés nacional.",Gobierno de la República de Guatemala,Entertainment,1489,False
video::5DRG-WGTq1k,video,El Sistema CONRED continúa activo y trabajando de manera coordinada #VolcánDeFuego.,,5DRG-WGTq1k,El Sistema CONRED continúa activo y trabajando de manera coordinada #VolcánDeFuego.,Conred,Education,68,False
video::5MFnG5B7ric,video,Municipalidad de Guatemala   09/07/2025,,5MFnG5B7ric,Municipalidad de Guatemala   09/07/2025,Concejales de Oposición - Muni Guate,People & Blogs,107,False
video::5OhxjDvuYbQ,video,"Operativos PMT ""Cero Tolerancia"" para fin de año",,5OhxjDvuYbQ,"Operativos PMT ""Cero Tolerancia"" para fin de año",Municipalidad de Guatemala,News & Politics,494,False
video::5UNxNfcSzG4,video,Distinción del Cambio de la Rosa de la Paz a Pedro Castro López del INACOP,,5UNxNfcSzG4,Distinción del Cambio de la Rosa de la Paz a Pedro Castro López del INACOP,Gobierno de la República de Guatemala,Entertainment,741,False
video::5Y7fntl6Rc8,video,Cómo llegar a TIKAL desde Ciudad de GUATEMALA en autobús o en Avión | transporte a PETÉN,,5Y7fntl6Rc8,Cómo llegar a TIKAL desde Ciudad de GUATEMALA en autobús o en Avión | transporte a PETÉN,De viaje con Migue,Travel & Events,11061,False
video::5nw9G1vwnYY,video,Actriz guatemalteca caracteriza a Consuelo Porras frente al MP por salida del cargo,,5nw9G1vwnYY,Actriz guatemalteca caracteriza a Consuelo Porras frente al MP por salida del cargo,PrensaLibreOficial,News & Politics,40327,False
video::677N9cx_kKE,video,Carlos Pineda Seguridad I - Guatemala tiene solución | Ep. 2,,677N9cx_kKE,Carlos Pineda Seguridad I - Guatemala tiene solución | Ep. 2,Carlos Pineda,People & Blogs,8568,False
video::6KlI_geqPOI,video,Conferencia de Prensa del Gobierno de Guatemala. #LaRondaGt.,,6KlI_geqPOI,Conferencia de Prensa del Gobierno de Guatemala. #LaRondaGt.,Gobierno de la República de Guatemala,Entertainment,2301,False
video::6W4u8sGEnGM,video,Inician los trabajos de recuperación del Puente Belice II.,,6W4u8sGEnGM,Inician los trabajos de recuperación del Puente Belice II.,Gobierno de la República de Guatemala,Entertainment,11670,True
video::6Wf0ItQUaDU,video,“Queremos generar 60 mil empleos”: Victorino Carranza revela el plan y las pérdidas de la Gremipe,,6Wf0ItQUaDU,“Queremos generar 60 mil empleos”: Victorino Carranza revela el plan y las pérdidas de la Gremipe,Campus TV,News & Politics,2,False
video::6y3KQmmg3Oc,video,Noticiero El Informativo. Nuestra semana de resultados.,,6y3KQmmg3Oc,Noticiero El Informativo. Nuestra semana de resultados.,Gobierno de la República de Guatemala,Entertainment,303,False
video::6z2Psav9Onw,video,Conferencia de Prensa del Gobierno de Guatemala. #LaRondaGt,,6z2Psav9Onw,Conferencia de Prensa del Gobierno de Guatemala. #LaRondaGt,Gobierno de la República de Guatemala,Entertainment,848,False
video::74F3Mn_NWoE,video,"Acto de Graduación de los Cursos de Formación, Ascenso y Especialización Policial de la PNC.",,74F3Mn_NWoE,"Acto de Graduación de los Cursos de Formación, Ascenso y Especialización Policial de la PNC.",Gobierno de la República de Guatemala,Entertainment,1197,False
video::7JerBdHtkWA,video,Cambio de horarios en Municipalidad de Guatemala,,7JerBdHtkWA,Cambio de horarios en Municipalidad de Guatemala,Canal 3 Guatemala,News & Politics,215,False
video::7hfUg8Z-W2o,video,Conferencia de Prensa del Gobierno de Guatemala. #LaRondaGt.,,7hfUg8Z-W2o,Conferencia de Prensa del Gobierno de Guatemala. #LaRondaGt.,Gobierno de la República de Guatemala,Entertainment,2449,False
video::7kuHyjwuE_o,video,Centro Municipal de Emprendimiento - Municipalidad de Guatemala,,7kuHyjwuE_o,Centro Municipal de Emprendimiento - Municipalidad de Guatemala,Centro Municipal de Emprendimiento MuniGuate,Entertainment,528,False
video::7mdtGeIHQnE,video,"#LHEnContexto: Gestión de riesgos en GUATEMALA: Lo que debes saber, explicado por la CONRED",,7mdtGeIHQnE,"#LHEnContexto: Gestión de riesgos en GUATEMALA: Lo que debes saber, explicado por la CONRED",La Hora,News & Politics,570,False
video::8CuQ2_HTaN0,video,Conferencia de Prensa del Gobierno de Guatemala.,,8CuQ2_HTaN0,Conferencia de Prensa del Gobierno de Guatemala.,Gobierno de la República de Guatemala,Entertainment,735,False
video::8n6momRcC04,video,Mantenimiento constante,,8n6momRcC04,Mantenimiento constante,Municipalidad de Guatemala,News & Politics,91,False
video::90oVm0P4_9Q,video,"El MINGOB a través del Viceministerio de Seguridad, combate  el crimen organizado.",,90oVm0P4_9Q,"El MINGOB a través del Viceministerio de Seguridad, combate  el crimen organizado.",Ministerio de Gobernación,News & Politics,5,False
video::9BIrwWQUdb8,video,"Capturan a ""guardián"" de parqueo utilizado por la mara Salvatrucha e incautan 5 vehículos robados.",,9BIrwWQUdb8,"Capturan a ""guardián"" de parqueo utilizado por la mara Salvatrucha e incautan 5 vehículos robados.",PNCdeGuatemala,Science & Technology,23972,False
video::9Jacxvi9umU,video,Los responsables de bloquear información en Guatecompras,,9Jacxvi9umU,Los responsables de bloquear información en Guatecompras,Somos El Combo,Entertainment,7340,False
video::9XFVeHiWDTo,video,En #LaRondaGT conoce las acciones que impulsamos para modernizar los puertos y aeropuertos del país.,,9XFVeHiWDTo,En #LaRondaGT conoce las acciones que impulsamos para modernizar los puertos y aeropuertos del país.,Gobierno de la República de Guatemala,Entertainment,1516,False
video::9h7d1iDFaqo,video,Vuelve el tráfico lento en la ciudad capital,,9h7d1iDFaqo,Vuelve el tráfico lento en la ciudad capital,PrensaLibreOficial,News & Politics,11396,False
video::9wHujSu-nbQ,video,Quorum,,9wHujSu-nbQ,Quorum,Quorum,News & Politics,459,False
video::AHzfpOL5sgw,video,Sistema de gobierno de Guatemala 🇬🇹,,AHzfpOL5sgw,Sistema de gobierno de Guatemala 🇬🇹,SUM Estudios Jurídicos.,Education,2895,False
video::Aa7hIDCRh3g,video,Este BUS me LLEVO a UN PARAISO EN GUATEMALA,,Aa7hIDCRh3g,Este BUS me LLEVO a UN PARAISO EN GUATEMALA,De todo Gt,People & Blogs,504374,False
video::AakUTlieyH0,video,Crisis de seguridad en Guatemala,,AakUTlieyH0,Crisis de seguridad en Guatemala,Canal Antigua,News & Politics,733,False
video::Ab0RrbzxyBU,video,Municipalidad de Guatemala 17/11/2025,,Ab0RrbzxyBU,Municipalidad de Guatemala 17/11/2025,Concejales de Oposición - Muni Guate,People & Blogs,117,False
video::AlbPEU3rbZs,video,Conferencia de Prensa del Gobierno de Guatemala. #LaRondaGt,,AlbPEU3rbZs,Conferencia de Prensa del Gobierno de Guatemala. #LaRondaGt,Gobierno de la República de Guatemala,Entertainment,870,False
video::ArljwpsURdY,video,"Entrevista especial con Claudinne Ogaldes, Secretaria Ejecutiva de la SE-CONRED",,ArljwpsURdY,"Entrevista especial con Claudinne Ogaldes, Secretaria Ejecutiva de la SE-CONRED",Conred,Education,416,False
video::B60bWqpVUIE,video,Así es el transporte público en Ciudad de Guatemala,,B60bWqpVUIE,Así es el transporte público en Ciudad de Guatemala,PaulinoG,Travel & Events,96794,False
video::BLc_KXPng9g,video,Conferencia de Prensa del Gobierno de Guatemala. #LaRondaGT,,BLc_KXPng9g,Conferencia de Prensa del Gobierno de Guatemala. #LaRondaGT,Gobierno de la República de Guatemala,Entertainment,720,False
video::BUNeDEi0yVU,video,CIV LICITACIÓN 800 KM 110717,,BUNeDEi0yVU,CIV LICITACIÓN 800 KM 110717,CIV -Ministerio de Comunicaciones,People & Blogs,26,False
video::BW41jT3t3oI,video,Provial,,BW41jT3t3oI,Provial,PROVIAL-CIV,People & Blogs,79,False
video::BbAeamItalk,video,ZARAGOZA DA UN PASO HACIA EL FORTALECIMIENTO DEL DEPORTE CON NUEVA CIUDAD DEPORTIVA,,BbAeamItalk,ZARAGOZA DA UN PASO HACIA EL FORTALECIMIENTO DEL DEPORTE CON NUEVA CIUDAD DEPORTIVA,IDocumenta,News & Politics,7,False
video::Bdn2nxDqQ90,video,Video Viral de PMT / GUATEMALA,,Bdn2nxDqQ90,Video Viral de PMT / GUATEMALA,carlos del cid,Film & Animation,2482,False
video::Bi34XvRV6AM,video,Plan de Evacuación CONRED,,Bi34XvRV6AM,Plan de Evacuación CONRED,MESCOGT,People & Blogs,58,False
video::BnZFUzpEDe4,video,Municipalidad de Guatemala se moderniza,,BnZFUzpEDe4,Municipalidad de Guatemala se moderniza,Municipalidad de Guatemala,People & Blogs,642,False
video::Boj5GILjbI0,video,"Spot Rendición de Cuentas, segundo cuatrimestre 2023 - 2",,Boj5GILjbI0,"Spot Rendición de Cuentas, segundo cuatrimestre 2023 - 2",CIV -Ministerio de Comunicaciones,People & Blogs,26,False
video::Bp4LtQT8Hk0,video,"Ciudad de Guatemala, el mejor lugar para vivir",,Bp4LtQT8Hk0,"Ciudad de Guatemala, el mejor lugar para vivir",Municipalidad de Guatemala,Entertainment,4265,False
video::C5hJmAhpMMQ,video,"YOUTUBE PUNTO DE ENFOQUE MARIO MEJÍA, SUBDIRECTOR DE INSIVUMEH",,C5hJmAhpMMQ,"YOUTUBE PUNTO DE ENFOQUE MARIO MEJÍA, SUBDIRECTOR DE INSIVUMEH",INSIVUMEH,Science & Technology,79,False
video::C8wk4HWwWyM,video,Duro golpe al crimen organizado en Granja Penal de Pavón.,,C8wk4HWwWyM,Duro golpe al crimen organizado en Granja Penal de Pavón.,Gobierno de la República de Guatemala,Entertainment,2214,False
video::CDg6kLRfiqQ,video,Acciones relevantes en el #Resumen24Horas,,CDg6kLRfiqQ,Acciones relevantes en el #Resumen24Horas,PNCdeGuatemala,Science & Technology,11048,False
video::CJQ46Hr4HcU,video,Municipalidad de Guatemala  19/12/2025,,CJQ46Hr4HcU,Municipalidad de Guatemala  19/12/2025,Concejales de Oposición - Muni Guate,People & Blogs,222,False
video::D3fRGjqHeHI,video,"Spot Rendición de Cuentas, segundo cuatrimestre 2023 - 1",,D3fRGjqHeHI,"Spot Rendición de Cuentas, segundo cuatrimestre 2023 - 1",CIV -Ministerio de Comunicaciones,People & Blogs,23,False
video::D4CEpAfkkPI,video,Policías arremeten contra agente de PMT en zona 10,,D4CEpAfkkPI,Policías arremeten contra agente de PMT en zona 10,PrensaLibreOficial,News & Politics,79044,False
video::DBvMeKT4gzo,video,La Familia MÁS RICA de GUATEMALA… Ni la Guerra les Quitó el Trono y Hoy son DUEÑOS de tu CERVEZA,,DBvMeKT4gzo,La Familia MÁS RICA de GUATEMALA… Ni la Guerra les Quitó el Trono y Hoy son DUEÑOS de tu CERVEZA,Fortuna Latina,People & Blogs,58881,False
video::DC1_qrLUvHI,video,Municipalidad de Guatemala 26/08/2026,,DC1_qrLUvHI,Municipalidad de Guatemala 26/08/2026,Concejales de Oposición - Muni Guate,People & Blogs,49,False
video::DMAKF8n0XJs,video,Guatemala TV • ID (2024-2026),,DMAKF8n0XJs,Guatemala TV • ID (2024-2026),Mdpls²,Film & Animation,367,False
video::DX5eT-hVU8Q,video,250 años Ciudad de Guatemala,,DX5eT-hVU8Q,250 años Ciudad de Guatemala,Municipalidad de Guatemala,News & Politics,491,False
video::DkxSkQipYwo,video,PRESIDENTE BERNARDO ARÉVALO PARTICIPA EN EL ACTO CONMEMORATIVO DEL DÍA DEL EJÉRCITO,,DkxSkQipYwo,PRESIDENTE BERNARDO ARÉVALO PARTICIPA EN EL ACTO CONMEMORATIVO DEL DÍA DEL EJÉRCITO,IDocumenta,News & Politics,66,False
video::EGfy1BxGLIk,video,Colabore con las medidas de la PMT,,EGfy1BxGLIk,Colabore con las medidas de la PMT,Municipalidad de Guatemala,Education,1437,False
video::ELhvo8YnYnI,video,Insivumeh prevé lluvias fuertes por dos ondas del este,,ELhvo8YnYnI,Insivumeh prevé lluvias fuertes por dos ondas del este,TN23 Guatemala,News & Politics,5182,False
video::EQDcEgFpXCk,video,Guatemala: Gobierno refuerza lucha contra las pandillas en medio de crisis de seguridad,,EQDcEgFpXCk,Guatemala: Gobierno refuerza lucha contra las pandillas en medio de crisis de seguridad,FRANCE 24 Español,News & Politics,5459,False
video::EZfm-05qtWo,video,Municipalidad de Guatemala prepara plan de actividades en Semana Santa 2023,,EZfm-05qtWo,Municipalidad de Guatemala prepara plan de actividades en Semana Santa 2023,Cucurucho en Guatemala,People & Blogs,128,False
video::F72Rdq5crG4,video,Cambios en el Ministerio de Comunicaciones: Salen Lizzette Benítez y Adrián Zapata Alamilla,,F72Rdq5crG4,Cambios en el Ministerio de Comunicaciones: Salen Lizzette Benítez y Adrián Zapata Alamilla,Canal Antigua,News & Politics,1441,False
video::FEc1BCuBiDg,video,¡Estamos con ustedes!,,FEc1BCuBiDg,¡Estamos con ustedes!,Municipalidad de Guatemala,News & Politics,1562,False
video::FQP4JTo9ShA,video,Rafael Carrera y el nacimiento de Guatemala,,FQP4JTo9ShA,Rafael Carrera y el nacimiento de Guatemala,MundoHistoria,Education,1420,False
video::FU5zLTb4inc,video,#EnVivoDCA | Conferencia de prensa del Gobierno de Guatemala,,FU5zLTb4inc,#EnVivoDCA | Conferencia de prensa del Gobierno de Guatemala,Diario de Centro América,News & Politics,549,False
video::Fapc1-8m5Zc,video,Municipalidad de Guatemala 21/11/2025,,Fapc1-8m5Zc,Municipalidad de Guatemala 21/11/2025,Concejales de Oposición - Muni Guate,People & Blogs,282,False
video::Fb2Ccfq5S9w,video,Reo y su esposa fueron asesinados dentro del Preventivo de zona 18,,Fb2Ccfq5S9w,Reo y su esposa fueron asesinados dentro del Preventivo de zona 18,TN23 Guatemala,News & Politics,15431,False
video::FuTz67jS7m0,video,124 nuevos brigadas refuerzan la seguridad vial en Guatemala,,FuTz67jS7m0,124 nuevos brigadas refuerzan la seguridad vial en Guatemala,PROVIAL-CIV,Education,45,False
video::G2u4Rbq7zU4,video,Arévalo anuncia nueva cárcel de máxima seguridad en Guatemala,,G2u4Rbq7zU4,Arévalo anuncia nueva cárcel de máxima seguridad en Guatemala,TN23 Guatemala,News & Politics,6327,False
video::GgU7qhmf020,video,Sueños GT: educación para la niñez de vendedores ambulantes en Antigua | Super - Episodio 1,,GgU7qhmf020,Sueños GT: educación para la niñez de vendedores ambulantes en Antigua | Super - Episodio 1,Quorum,Nonprofits & Activism,167,False
video::GjGMSFSE1gY,video,"“Gracias a dios, no hay reelección” 🤡",,GjGMSFSE1gY,"“Gracias a dios, no hay reelección” 🤡",Quorum,News & Politics,130,False
video::HMJXf1VdM5E,video,Lluvia inusual de Martes Santo provoca inundaciones en zona 1 de Villa Nueva,,HMJXf1VdM5E,Lluvia inusual de Martes Santo provoca inundaciones en zona 1 de Villa Nueva,PrensaLibreOficial,News & Politics,1688,False
video::H_TGv_cMwww,video,PMT: La fuerza laboral reguladora del tránsito más grande,,H_TGv_cMwww,PMT: La fuerza laboral reguladora del tránsito más grande,Municipalidad de Guatemala,News & Politics,2383,False
video::I277M6i4jnY,video,Gestión del Riesgo de Desastres desde las comunidades.,,I277M6i4jnY,Gestión del Riesgo de Desastres desde las comunidades.,Gobierno de la República de Guatemala,Entertainment,242,False
video::IZLflL4Hgco,video,El ciudadano Toriello da un paso al frente,,IZLflL4Hgco,El ciudadano Toriello da un paso al frente,TanGente Podcast,Entertainment,28013,False
video::IcF9rRdAtp8,video,Ministro de Comunicaciones Alejandro Sinibaldi realiza supervisión en la Ruta CA-1 Occidente,,IcF9rRdAtp8,Ministro de Comunicaciones Alejandro Sinibaldi realiza supervisión en la Ruta CA-1 Occidente,Ministerio de Comunicaciones Infraestructura y Vivienda,People & Blogs,211,False
video::J6ctng-yAnI,video,CIV PROVIAL GRADUACIÓN XV PROMOCIÓN BRIGADAS 140619,,J6ctng-yAnI,CIV PROVIAL GRADUACIÓN XV PROMOCIÓN BRIGADAS 140619,CIV -Ministerio de Comunicaciones,People & Blogs,2981,False
video::JErfmk-TlRg,video,Rendición de Cuentas - Primer Cuatrimestre 2023,,JErfmk-TlRg,Rendición de Cuentas - Primer Cuatrimestre 2023,CIV -Ministerio de Comunicaciones,People & Blogs,32,False
video::J_HBzJUTOus,video,Presentan estrategia nacional para prevenir violencia durante recorridos de antorchas,,J_HBzJUTOus,Presentan estrategia nacional para prevenir violencia durante recorridos de antorchas,Ministerio de Gobernación,News & Politics,17,False
video::JdxHJkQjM50,video,🚡 ¿Cómo va avanzando #AeroMetroGT?,,JdxHJkQjM50,🚡 ¿Cómo va avanzando #AeroMetroGT?,Municipalidad de Guatemala,News & Politics,20901,False
video::JgmCtBQWNL8,video,Conferencia de Prensa del Gobierno de Guatemala. #LaRondaGt,,JgmCtBQWNL8,Conferencia de Prensa del Gobierno de Guatemala. #LaRondaGt,Gobierno de la República de Guatemala,Entertainment,1165,False
video::JkpVO1hx2f8,video,10 Preguntas a un año del Paro Nacional,,JkpVO1hx2f8,10 Preguntas a un año del Paro Nacional,Quorum,News & Politics,673,True
video::Jr1hJ92H_Nc,video,"#SinMáscaras | GUERRA SUCIA PERO SUCIA EN SERIO LLEGA A TV AZTECA CON AMPARO, CAMIN Y CASTAÑEDA",,Jr1hJ92H_Nc,"#SinMáscaras | GUERRA SUCIA PERO SUCIA EN SERIO LLEGA A TV AZTECA CON AMPARO, CAMIN Y CASTAÑEDA",Manuel Pedrero,News & Politics,62941,False
video::K1IA6oTGws8,video,#EnVivoDCA | Conferencia de prensa del Gobierno de Guatemala,,K1IA6oTGws8,#EnVivoDCA | Conferencia de prensa del Gobierno de Guatemala,Diario de Centro América,News & Politics,530,False
video::K2qWcueeMOc,video,#EnvivoDCA | Conferencia de prensa de Gobierno de Guatemala,,K2qWcueeMOc,#EnvivoDCA | Conferencia de prensa de Gobierno de Guatemala,Diario de Centro América,News & Politics,802,False
video::K50uijsHnAM,video,Informe desde Ciudad de Guatemala: crisis de seguridad tras ataques contra la Policía,,K50uijsHnAM,Informe desde Ciudad de Guatemala: crisis de seguridad tras ataques contra la Policía,FRANCE 24 Español,News & Politics,135249,False
video::KIO6wIJXYY0,video,"Se tiene que cambiar el sistema electoral en Guatemala, asegura exfiscal",,KIO6wIJXYY0,"Se tiene que cambiar el sistema electoral en Guatemala, asegura exfiscal",CNN en Español,News & Politics,16830,False
video::KWCyMd4dxkY,video,Recorrido de los 21K BAM de la Municipalidad de Guatemala,,KWCyMd4dxkY,Recorrido de los 21K BAM de la Municipalidad de Guatemala,Municipalidad de Guatemala,News & Politics,13077,False
video::KkNQhX_kg8A,video,🇬🇹HISTORIA de GUATEMALA en 17 minutos🇬🇹 - El Mapa de Sebas,,KkNQhX_kg8A,🇬🇹HISTORIA de GUATEMALA en 17 minutos🇬🇹 - El Mapa de Sebas,El Mapa de Sebas,Education,749356,False
video::LRzZy8xBrjA,video,Conferencia de prensa ante el incremento de los combustibles.,,LRzZy8xBrjA,Conferencia de prensa ante el incremento de los combustibles.,Gobierno de la República de Guatemala,Entertainment,670,False
video::LeN6wpNIB-4,video,GUATEMALA RECIBE 135 NICARAGUENESES LIBERADOS POR ORTEGA,,LeN6wpNIB-4,GUATEMALA RECIBE 135 NICARAGUENESES LIBERADOS POR ORTEGA,IDocumenta,People & Blogs,28,False
video::LqY_vAsa4PY,video,“Guatemala: Una historia escrita con corrupción”,,LqY_vAsa4PY,“Guatemala: Una historia escrita con corrupción”,PFNSE MEDIA,News & Politics,2291,False
video::MMECHN8SFNw,video,"Noticiero en Directo 1 pm, 27 de Agosto de 2026",,MMECHN8SFNw,"Noticiero en Directo 1 pm, 27 de Agosto de 2026",Noticiero Guatevisión 13 Hrs.,News & Politics,4838,False
video::MRJ9mKnXR9M,video,Labor de la PMT es honesta aseguran vecinos,,MRJ9mKnXR9M,Labor de la PMT es honesta aseguran vecinos,Municipalidad de Guatemala,People & Blogs,1075,False
video::MdIa2Dtj77I,video,"Consejos para tu viaje a Guatemala: hospedaje, telefonía, transporte y más!   ✈️ 🇬🇹",,MdIa2Dtj77I,"Consejos para tu viaje a Guatemala: hospedaje, telefonía, transporte y más!   ✈️ 🇬🇹",Aventuras de una programadora,People & Blogs,134775,False
video::Mh94uXZvCLo,video,DE LOS BOTS AL RECHAZO: CERIMEDO Y LA “GUERRILLA DE LAS REDES” | CAPÍTULO 3 DE 8,,Mh94uXZvCLo,DE LOS BOTS AL RECHAZO: CERIMEDO Y LA “GUERRILLA DE LAS REDES” | CAPÍTULO 3 DE 8,La  Coma,News & Politics,21,False
video::Mme4XikKnlc,video,Municipalidad anuncia 111 nuevos autobuses y 17 rutas para mejorar el transporte en la capital,,Mme4XikKnlc,Municipalidad anuncia 111 nuevos autobuses y 17 rutas para mejorar el transporte en la capital,PrensaLibreOficial,News & Politics,3146,False
video::N1QkRu38BFE,video,¡YA CAYÓ ALITO MORENO! ALERTA LO DESTITUYEN DIPUTADOS VOTAN PARA SACARLO DEL SENADO! CLAUDIA INFORMA,,N1QkRu38BFE,¡YA CAYÓ ALITO MORENO! ALERTA LO DESTITUYEN DIPUTADOS VOTAN PARA SACARLO DEL SENADO! CLAUDIA INFORMA,Alexis Burelo,News & Politics,15747,False
video::NCvoO61aIfw,video,Ya casi! Así avanza el Aerómetro que cambiará el transporte en Guatemala,,NCvoO61aIfw,Ya casi! Así avanza el Aerómetro que cambiará el transporte en Guatemala,One Life,Entertainment,26744,False
video::NcIcixCdQH4,video,PNC garantiza seguridad a turistas que visitan el colcán de Agua,,NcIcixCdQH4,PNC garantiza seguridad a turistas que visitan el colcán de Agua,PNCdeGuatemala,Science & Technology,7681,False
video::Nc_Iy0MriYw,video,🛑🛑Actualización PROVIAL🛑🛑,,Nc_Iy0MriYw,🛑🛑Actualización PROVIAL🛑🛑,PROVIAL-CIV,News & Politics,179,False
video::NnKpTEfhWjI,video,✅ ASÍ es una EXHIBICION DE BUSES EN GUATEMALA,,NnKpTEfhWjI,✅ ASÍ es una EXHIBICION DE BUSES EN GUATEMALA,De todo Gt,Travel & Events,424874,False
video::O6gI0ooBM3E,video,¿Cómo es el tráfico en Guatemala? 56 días perdidos cada año y una emergencia nacional,,O6gI0ooBM3E,¿Cómo es el tráfico en Guatemala? 56 días perdidos cada año y una emergencia nacional,República TV,News & Politics,16786,False
video::OXf_VvvyIDw,video,Municipalidad de Guatemala 31/08/2026,,OXf_VvvyIDw,Municipalidad de Guatemala 31/08/2026,Concejales de Oposición - Muni Guate,People & Blogs,28,False
video::OgOICSTSa7k,video,¡DÉJAME VIVIR! GUATEMALA INTENSIFICA LA LUCHA CONTRA LA CACERÍA ILEGAL DE FAUNA SILVESTRE,,OgOICSTSa7k,¡DÉJAME VIVIR! GUATEMALA INTENSIFICA LA LUCHA CONTRA LA CACERÍA ILEGAL DE FAUNA SILVESTRE,IDocumenta,News & Politics,6,False
video::OkXlHx0hx-8,video,EE.UU. envía a mexicanos deportados a Guatemala antes de su regreso a México | Noticias Telemundo,,OkXlHx0hx-8,EE.UU. envía a mexicanos deportados a Guatemala antes de su regreso a México | Noticias Telemundo,Noticias Telemundo,News & Politics,14200,True
video::On7jqOm1bpg,video,🌟Seguimos avanzando🌱,,On7jqOm1bpg,🌟Seguimos avanzando🌱,CIV -Ministerio de Comunicaciones,News & Politics,10,False
video::Oy6sKBhduu4,video,"Realizan Reunión Ordinaria de #CODEDE, 25 de febrero 2025.",,Oy6sKBhduu4,"Realizan Reunión Ordinaria de #CODEDE, 25 de febrero 2025.",Camarita Castro GT,People & Blogs,84,False
video::Oztw_Hta52I,video,TRAFICO EN GUATEMALA,,Oztw_Hta52I,TRAFICO EN GUATEMALA,CHAPINISIMO,Entertainment,2326,False
video::PMaSDoG0H1U,video,¿Adiós al tráfico? Así es la nueva carretera Radial 6 para Guatemala,,PMaSDoG0H1U,¿Adiós al tráfico? Así es la nueva carretera Radial 6 para Guatemala,La Red 1061,News & Politics,60,False
video::Pg1qw0KJI4E,video,"Surgen detalles de la masacre en Boca del Monte: madre de un bombero e influencer, entre víctimas",,Pg1qw0KJI4E,"Surgen detalles de la masacre en Boca del Monte: madre de un bombero e influencer, entre víctimas",PrensaLibreOficial,News & Politics,20503,False
video::PjmxCj-a9Hg,video,Conferencia de Prensa del Gobierno de Guatemala. #LaRondaGt,,PjmxCj-a9Hg,Conferencia de Prensa del Gobierno de Guatemala. #LaRondaGt,Gobierno de la República de Guatemala,Entertainment,3628,True
video::Q-MNTYsZgk4,video,¿Qué ha pasado con la contaminación del aire?,,Q-MNTYsZgk4,¿Qué ha pasado con la contaminación del aire?,Quorum,News & Politics,45,False
video::Q7j1OUxkn9w,video,Dañan puerta del área de parqueo del Congreso,,Q7j1OUxkn9w,Dañan puerta del área de parqueo del Congreso,InfoGT Noticias,People & Blogs,4725,False
video::Q7nhEeibBK4,video,Desfile navideño 2024  -   @MunicipalidaddeGuatemala-1551,,Q7nhEeibBK4,Desfile navideño 2024  -   @MunicipalidaddeGuatemala-1551,ALIS MOLINA CREA,Entertainment,255,False
video::QUG4etpjgos,video,Guatemala Habla sobre la seguridad en el país,,QUG4etpjgos,Guatemala Habla sobre la seguridad en el país,Diario de Centro América,News & Politics,35,False
video::Qc_oHqe4Cjc,video,QUÉ GUARDAS EN LA CINTURA?  🔫🥕🥓🐷🤔@lilyvlogs6899 @ElJuanete1987 @Soychap1n @SimplementeFlori,,Qc_oHqe4Cjc,QUÉ GUARDAS EN LA CINTURA?  🔫🥕🥓🐷🤔@lilyvlogs6899 @ElJuanete1987 @Soychap1n @SimplementeFlori,CANALES ROBOS Y MENTIRAS 💰🧐,People & Blogs,2166,False
video::R-fRv_WoZOE,video,Conferencia de Prensa del Gobierno de Guatemala. #LaRondaGT,,R-fRv_WoZOE,Conferencia de Prensa del Gobierno de Guatemala. #LaRondaGT,Gobierno de la República de Guatemala,Entertainment,1284,False
video::RIpKKQh26cg,video,Ejército de Guatemala descubre túnel para fuga masiva en penal de Pavón,,RIpKKQh26cg,Ejército de Guatemala descubre túnel para fuga masiva en penal de Pavón,TN23 Guatemala,News & Politics,29782,False
video::RjG-y7Y2-k4,video,#EnVivoDCA | Conferencia de prensa del Gobierno de Guatemala,,RjG-y7Y2-k4,#EnVivoDCA | Conferencia de prensa del Gobierno de Guatemala,Diario de Centro América,News & Politics,239,False
video::Rk-3ks9mh3o,video,CIV ✔️ garantiza transparencia 🔍 y rendición de cuentas📝,,Rk-3ks9mh3o,CIV ✔️ garantiza transparencia 🔍 y rendición de cuentas📝,CIV -Ministerio de Comunicaciones,News & Politics,21,False
video::ShYWqmOpjFk,video,Ministro de Comunicaciones reitera sobre avances en ruta Palín-Escuintla,,ShYWqmOpjFk,Ministro de Comunicaciones reitera sobre avances en ruta Palín-Escuintla,La Hora,News & Politics,242,False
video::SryjaiL2B4Q,video,#EnVivoDCA | Conferencia de prensa del Gobierno de Guatemala,,SryjaiL2B4Q,#EnVivoDCA | Conferencia de prensa del Gobierno de Guatemala,Diario de Centro América,News & Politics,352,False
video::THY2YBne3QE,video,"Los ALUCINANTES autobuses de Guatemala | ""Burras""",,THY2YBne3QE,"Los ALUCINANTES autobuses de Guatemala | ""Burras""",Luisito Comunica,Comedy,8190449,False
video::TSID63-IC3Y,video,Operativo Relámpago de -PROVIAL - DGT - DIACO -  en 41 Calle Zona 8 de la ciudad Capital.,,TSID63-IC3Y,Operativo Relámpago de -PROVIAL - DGT - DIACO -  en 41 Calle Zona 8 de la ciudad Capital.,PROVIAL-CIV,People & Blogs,332,False
video::TT4qJ5FXHYE,video,"I’x K’at: el primer equipo guatemalteco de pelota maya, conformado únicamente por mujeres.",,TT4qJ5FXHYE,"I’x K’at: el primer equipo guatemalteco de pelota maya, conformado únicamente por mujeres.",Quorum,News & Politics,1075,True
video::TTijnAoFnzY,video,Conred reprograma simulacro nacional para el 24 de febrero,,TTijnAoFnzY,Conred reprograma simulacro nacional para el 24 de febrero,T13 Noticias Guatemala,News & Politics,200,False
video::TXlMv6bt25w,video,"Más de 42 mil afectados por lluvias en Guatemala; Conred reporta 1,046 emergencias",,TXlMv6bt25w,"Más de 42 mil afectados por lluvias en Guatemala; Conred reporta 1,046 emergencias",PrensaLibreOficial,News & Politics,2294,False
video::TnZGNY1RsJE,video,Festival navideño 2025 @MunicipalidaddeGuatemala-1551,,TnZGNY1RsJE,Festival navideño 2025 @MunicipalidaddeGuatemala-1551,HeX4EveR,People & Blogs,148,False
video::UDFS8gl80h8,video,#AprendeConCONRED qué es el Sistema CONRED y quienes lo conforman.,,UDFS8gl80h8,#AprendeConCONRED qué es el Sistema CONRED y quienes lo conforman.,Conred,Education,521,False
video::UTf26hS1UJ8,video,🚦💙 PROVIAL: Proteger y Servir,,UTf26hS1UJ8,🚦💙 PROVIAL: Proteger y Servir,PROVIAL-CIV,Education,38,False
video::UcvHq8j-J38,video,"Ministerio de Comunicaciones, Infraestructura y Vivienda y los Consejos de Desarrollo",,UcvHq8j-J38,"Ministerio de Comunicaciones, Infraestructura y Vivienda y los Consejos de Desarrollo",Ministerio de Finanzas Públicas Guatemala,News & Politics,222,False
video::UhL9y3KUl8E,video,SHAI WA: la vecina queer de Casa Presidencial,,UhL9y3KUl8E,SHAI WA: la vecina queer de Casa Presidencial,Quorum,News & Politics,1755,True
video::UzeOcBM9cuU,video,Conred Podcast Episodio 04: Amenaza sísmica y volcánica en Guatemala,,UzeOcBM9cuU,Conred Podcast Episodio 04: Amenaza sísmica y volcánica en Guatemala,Conred,Education,127,False
video::VfBrLONPnFM,video,ME quité el MIEDO de viajar en los buses de GUATEMALA 🔥,,VfBrLONPnFM,ME quité el MIEDO de viajar en los buses de GUATEMALA 🔥,De todo Gt,People & Blogs,329489,False
video::VgcpKa1h_2Q,video,CONQUISTA LA CIUDAD / 21K BAM de la Municipalidad de Guatemala,,VgcpKa1h_2Q,CONQUISTA LA CIUDAD / 21K BAM de la Municipalidad de Guatemala,21KMuniGuate,Sports,3110,False
video::VuIl4tjeKGQ,video,La ciudad sigue modernizándose para ti y tu familia.,,VuIl4tjeKGQ,La ciudad sigue modernizándose para ti y tu familia.,Municipalidad de Guatemala,News & Politics,39168,False
video::W415t12o3DA,video,Mujer con crisis nerviosa tras intento de asalto,,W415t12o3DA,Mujer con crisis nerviosa tras intento de asalto,TN23 Guatemala,News & Politics,4737,False
video::WIUZtitfLRw,video,Caminar en una ciudad hecha para carros,,WIUZtitfLRw,Caminar en una ciudad hecha para carros,Quorum,News & Politics,422,True
video::WQcgx8rs0Qo,video,"PMT SE BURL4 DE UN MOTORISTA D1SC4PACIT4D0, DISCULPESE POR FAVOR VILLA NUEVA, GUATEMALA.",,WQcgx8rs0Qo,"PMT SE BURL4 DE UN MOTORISTA D1SC4PACIT4D0, DISCULPESE POR FAVOR VILLA NUEVA, GUATEMALA.",Cronos Time GT,Education,1861,False
video::WXA2Apo79jA,video,Resumen de atención a Emergencias CIV,,WXA2Apo79jA,Resumen de atención a Emergencias CIV,CIV -Ministerio de Comunicaciones,News & Politics,29,False
video::WXgGL9rZUHo,video,#EnvivoDCA | Conferencia de prensa del Gobierno de Guatemala,,WXgGL9rZUHo,#EnvivoDCA | Conferencia de prensa del Gobierno de Guatemala,Diario de Centro América,News & Politics,190,False
video::XLkVzqqL34Q,video,Nueva Mega Autopista Xochi en Guatemala 🇬🇹 ¿Vale la pena? (Te ahorra hasta 3 horas),,XLkVzqqL34Q,Nueva Mega Autopista Xochi en Guatemala 🇬🇹 ¿Vale la pena? (Te ahorra hasta 3 horas),One Life,Entertainment,44510,False
video::XVZM15KVXjM,video,Conoce sobre la actualización de la Norma para la Reducción de Desastres número 2 (NRD2).,,XVZM15KVXjM,Conoce sobre la actualización de la Norma para la Reducción de Desastres número 2 (NRD2).,Conred,Education,267,False
video::X_FAIef8qlE,video,Cruzando la ciudad a puro Transmetro,,X_FAIef8qlE,Cruzando la ciudad a puro Transmetro,Quorum,News & Politics,1140,True
video::XktDG8dmcd0,video,Torrenciales lluvias dejan decenas de muertos y miles de evacuados,,XktDG8dmcd0,Torrenciales lluvias dejan decenas de muertos y miles de evacuados,DW Español,News & Politics,5171,False
video::YJohmVLc9QA,video,How to Get Around Guatemala: Complete Transportation Guide (2026),,YJohmVLc9QA,How to Get Around Guatemala: Complete Transportation Guide (2026),Chris & Grace,Travel & Events,3897,False
video::YLFXK2c60Xc,video,Por estas razones el 65% de las denuncias por violación en Guatemala nunca llega a un tribunal,,YLFXK2c60Xc,Por estas razones el 65% de las denuncias por violación en Guatemala nunca llega a un tribunal,Quorum,News & Politics,200,False
video::YSsECnqTVik,video,Suscriben convenios para transferencia de fondos a CAIMUS y entidades especializadas,,YSsECnqTVik,Suscriben convenios para transferencia de fondos a CAIMUS y entidades especializadas,Ministerio de Gobernación,News & Politics,15,False
video::ZHJoIah2Owo,video,Conoce como funciona el Sistema Conred  #laprevenciónestareadetodos,,ZHJoIah2Owo,Conoce como funciona el Sistema Conred  #laprevenciónestareadetodos,Conred,Education,182,False
video::ZNwStkzWgso,video,Elección judicial en Guatemala: Astrid Lemus y Luis Bermejo electos para corte de constitucionalidad,,ZNwStkzWgso,Elección judicial en Guatemala: Astrid Lemus y Luis Bermejo electos para corte de constitucionalidad,CNN en Español,News & Politics,24636,False
video::ZPBiWdHXg20,video,Piloto de tráiler accidentado en ruta al Atlántico era un menor y murió en el lugar,,ZPBiWdHXg20,Piloto de tráiler accidentado en ruta al Atlántico era un menor y murió en el lugar,PrensaLibreOficial,News & Politics,233632,False
video::ZS74P3DnykA,video,"Policía Nacional Civil gradúa 3,978 nuevos agentes",,ZS74P3DnykA,"Policía Nacional Civil gradúa 3,978 nuevos agentes",PNCdeGuatemala,News & Politics,115270,False
video::Z_pWnOi7oRw,video,#EnVivoDCA | Conferencia de prensa del Gobierno de Guatemala,,Z_pWnOi7oRw,#EnVivoDCA | Conferencia de prensa del Gobierno de Guatemala,Diario de Centro América,News & Politics,1329,False
video::ZhrDgVZkhg4,video,FORMACION BRIGADA DE PROVIAL,,ZhrDgVZkhg4,FORMACION BRIGADA DE PROVIAL,PROVIAL GUATEMALA,People & Blogs,4419,False
video::_1VIxOLyaUQ,video,Sonido de trafico y ciudad 💤 ruido de calle para dormir bebés y relajarse,,_1VIxOLyaUQ,Sonido de trafico y ciudad 💤 ruido de calle para dormir bebés y relajarse,Ambient Sound Explorer,Entertainment,330057,False
video::_3kK0or6QI0,video,PROVIAL guatemala,,_3kK0or6QI0,PROVIAL guatemala,heto009,News & Politics,2054,False
video::_Lcbi4NCHRA,video,Tercer Informe General de la República,,_Lcbi4NCHRA,Tercer Informe General de la República,Gobierno de Guatemala,News & Politics,305269,False
video::_NSq2q0mzCY,video,42K y 21K MuniGuate 🏃🏻🏃🏻‍♀️,,_NSq2q0mzCY,42K y 21K MuniGuate 🏃🏻🏃🏻‍♀️,Municipalidad de Guatemala,News & Politics,47,False
video::_cUZT7LMKE0,video,Conferencia de Prensa del Gobierno de Guatemala. #LaRondaGt,,_cUZT7LMKE0,Conferencia de Prensa del Gobierno de Guatemala. #LaRondaGt,Gobierno de la República de Guatemala,Entertainment,2708,False
video::a2zgl-1KZwY,video,#CadenaNacional | Mensaje del Presidente Bernardo Arévalo a la nación,,a2zgl-1KZwY,#CadenaNacional | Mensaje del Presidente Bernardo Arévalo a la nación,Gobierno de la República de Guatemala,Entertainment,2334,False
video::a3QGSpNx9Mg,video,Guatemala ya no aguanta el tráfico… ¿Funcionará el Aerómetro?,,a3QGSpNx9Mg,Guatemala ya no aguanta el tráfico… ¿Funcionará el Aerómetro?,Entre Caminos,Travel & Events,8098,False
video::a6QFfhpY53g,video,Provial Informa,,a6QFfhpY53g,Provial Informa,PROVIAL-CIV,People & Blogs,49,False
video::aRKgOSxgsF0,video,@GobiernodeGuatemala,,aRKgOSxgsF0,@GobiernodeGuatemala,luis arturo ceberg ulban,People & Blogs,2,False
video::aSbvMYJhmCc,video,Policía Nacional Civil,,aSbvMYJhmCc,Policía Nacional Civil,Ministerio de Gobernación,News & Politics,4346,False
video::a_kAe9IhBbo,video,Tráiler impacta pasarela en Aguilar Batres y provoca cierre parcial hacia la capital,,a_kAe9IhBbo,Tráiler impacta pasarela en Aguilar Batres y provoca cierre parcial hacia la capital,PrensaLibreOficial,News & Politics,255,False
video::ahicr7fQREY,video,Conred Podcast Episodio 9: Servidores Cívicos construyendo una cultura de prevención,,ahicr7fQREY,Conred Podcast Episodio 9: Servidores Cívicos construyendo una cultura de prevención,Conred,Education,65,False
video::almmnboHkwM,video,Se mueve Guate 🚌,,almmnboHkwM,Se mueve Guate 🚌,Municipalidad de Guatemala,News & Politics,297,False
video::anFbrgqxdzY,video,Horas Antes del Big One | Dentro de Ciudad de Guatemala Exactamente Antes del Terremoto (1976),,anFbrgqxdzY,Horas Antes del Big One | Dentro de Ciudad de Guatemala Exactamente Antes del Terremoto (1976),Nostalgia Latina,People & Blogs,222656,False
video::aoz2j4TTl4E,video,Rutas Alternas a partir del lunes 03 de agosto por avances de #AeroMetroGT,,aoz2j4TTl4E,Rutas Alternas a partir del lunes 03 de agosto por avances de #AeroMetroGT,Municipalidad de Guatemala,News & Politics,8905,False
video::bBz8nX4pMxc,video,Conred e Insivumeh informan sobre sismos en Guatemala este 31 de julio,,bBz8nX4pMxc,Conred e Insivumeh informan sobre sismos en Guatemala este 31 de julio,Guatevisión,Entertainment,1115,False
video::bMoENbSBSNs,video,¿Por qué Guatemala es una República? El decreto del 21 de marzo de 1847 y Rafael Carrera,,bMoENbSBSNs,¿Por qué Guatemala es una República? El decreto del 21 de marzo de 1847 y Rafael Carrera,El profe de Historia Gt,Education,1134,False
video::b_Hkrkl3adA,video,Bloqueos en Guatemala este 31 de agosto por alza en combustibles afectan rutas principales,,b_Hkrkl3adA,Bloqueos en Guatemala este 31 de agosto por alza en combustibles afectan rutas principales,PrensaLibreOficial,News & Politics,5469,True
video::bg1KCMaIrRM,video,"¡Atención, vecinos!",,bg1KCMaIrRM,"¡Atención, vecinos!",Municipalidad de Guatemala,News & Politics,1965,False
video::bzosgvntOXU,video,Municipalidad de Guatemala 05/09/2025,,bzosgvntOXU,Municipalidad de Guatemala 05/09/2025,Concejales de Oposición - Muni Guate,People & Blogs,160,False
video::cl3Rpw9MstQ,video,Municipalidad de Guatemala sigue trabajando,,cl3Rpw9MstQ,Municipalidad de Guatemala sigue trabajando,Municipalidad de Guatemala,News & Politics,484,False
video::cpoiRUtF9uU,video,Congreso termina jornada sin acuerdos para aliviar precio de combustibles #ALAS7AM (02/09/2026),,cpoiRUtF9uU,Congreso termina jornada sin acuerdos para aliviar precio de combustibles #ALAS7AM (02/09/2026),Canal Antigua,News & Politics,117,False
video::csqia7f3OIE,video,SISTEMA CONRED Y METODOLOGÍA DE LOS 6 PASOS,,csqia7f3OIE,SISTEMA CONRED Y METODOLOGÍA DE LOS 6 PASOS,Carlitos Gamboa,People & Blogs,509,False
video::d-V_Aw1t6nI,video,Graduacion  de la 57 Promocion  de la Policia Nacional Civil  de Guatemala.,,d-V_Aw1t6nI,Graduacion  de la 57 Promocion  de la Policia Nacional Civil  de Guatemala.,PNCdeGuatemala,People & Blogs,1643,False
video::dJcNu9YYwh4,video,"Lluvias, ceniza y calor extremo: así estará el clima en Guatemala, según Insivumeh",,dJcNu9YYwh4,"Lluvias, ceniza y calor extremo: así estará el clima en Guatemala, según Insivumeh",PrensaLibreOficial,News & Politics,1061,False
video::dLctzx8qCgA,video,¿Cómo la CIA ALTERÓ el DESTINO de GUATEMALA para siempre?,,dLctzx8qCgA,¿Cómo la CIA ALTERÓ el DESTINO de GUATEMALA para siempre?,Alan Delmonte,Education,108616,False
video::dWhSTyhegeQ,video,Personal de Provial explica de empresas que verificarán implementación de limitadores de velocidad,,dWhSTyhegeQ,Personal de Provial explica de empresas que verificarán implementación de limitadores de velocidad,La Hora,News & Politics,341,False
video::dccwBXfxxiI,video,¡Espacios iluminados y seguros!,,dccwBXfxxiI,¡Espacios iluminados y seguros!,Municipalidad de Guatemala,News & Politics,38773,False
video::dsyLiSCrwcU,video,"3 KIEBRES ES DOLOROSO QUE EN CHIQUIMULA AÚN HAY COMUNIDADES SIN ENERGÍA ELÉCTRICA, GUATEMALA.",,dsyLiSCrwcU,"3 KIEBRES ES DOLOROSO QUE EN CHIQUIMULA AÚN HAY COMUNIDADES SIN ENERGÍA ELÉCTRICA, GUATEMALA.",Cronos Time GT,Education,701,False
video::dvy9rQpqLWY,video,Conferencia de Prensa del Gobierno de Guatemala. #LaRondaGT,,dvy9rQpqLWY,Conferencia de Prensa del Gobierno de Guatemala. #LaRondaGT,Gobierno de la República de Guatemala,Entertainment,959,False
video::dya9nbxqWXE,video,ANDY EL MUÑEQUITO TRABAJADOR 🥴🏍🥴🤣@Soychap1n @lucilaylossinar @lilyvlogs6899,,dya9nbxqWXE,ANDY EL MUÑEQUITO TRABAJADOR 🥴🏍🥴🤣@Soychap1n @lucilaylossinar @lilyvlogs6899,CANALES ROBOS Y MENTIRAS 💰🧐,People & Blogs,4939,False
video::ebbgBtNrRz8,video,Las fuertes lluvias en Guatemala dejan al menos tres fallecidos en zonas rurales | Telemundo,,ebbgBtNrRz8,Las fuertes lluvias en Guatemala dejan al menos tres fallecidos en zonas rurales | Telemundo,Noticias Telemundo,News & Politics,63249,False
video::ewdf3q1tuCA,video,INTERPOL Guatemala captura a mujer por prostituir a señoritas,,ewdf3q1tuCA,INTERPOL Guatemala captura a mujer por prostituir a señoritas,Noti7,News & Politics,71048,False
video::fBljA_npiMs,video,Refuerzan acciones para prevenir y combatir la trata de personas,,fBljA_npiMs,Refuerzan acciones para prevenir y combatir la trata de personas,Ministerio de Gobernación,News & Politics,36,False
video::fenMcON-DjY,video,Encendido del Fuego Patrio y Mensaje Vicepresidencial,,fenMcON-DjY,Encendido del Fuego Patrio y Mensaje Vicepresidencial,Gobierno de la República de Guatemala,Entertainment,424,False
video::ffguGnMImL0,video,CIV inicia trabajos de bacheo y limpieza en las diferentes rutas del país,,ffguGnMImL0,CIV inicia trabajos de bacheo y limpieza en las diferentes rutas del país,Gobierno de Guatemala,News & Politics,848,False
video::g0aCNpZaAZ8,video,PMT de Guatemala es ejemplo para otros municipios,,g0aCNpZaAZ8,PMT de Guatemala es ejemplo para otros municipios,Municipalidad de Guatemala,News & Politics,4103,False
video::gF42rhVhP8w,video,Tenemos un gran problema con la seguridad de las construcciones en Guatemala,,gF42rhVhP8w,Tenemos un gran problema con la seguridad de las construcciones en Guatemala,TanGente Podcast,Entertainment,9033,False
video::gbcggAMJczg,video,Dionel  Art s Vídeo danzando con la muerte,,gbcggAMJczg,Dionel  Art s Vídeo danzando con la muerte,Dionel.Art_music,People & Blogs,7,False
video::go4jAhCJS0w,video,Así reaccionaría la guardia presidencial de la Saas en caso de una emergencia,,go4jAhCJS0w,Así reaccionaría la guardia presidencial de la Saas en caso de una emergencia,PrensaLibreOficial,News & Politics,7381,False
video::hGOvuWe8P3Q,video,🔴ENTREGAN A NOROÑA ALITO NEGOCIA CON MONREAL PREPARAN MEGÁFONOS PORROS DEL PRIAN,,hGOvuWe8P3Q,🔴ENTREGAN A NOROÑA ALITO NEGOCIA CON MONREAL PREPARAN MEGÁFONOS PORROS DEL PRIAN,Vittor Blogs,News & Politics,6682,False
video::hy0mwEHr6V0,video,MI3 será utilizado dentro de las evaluaciones a aspirantes a PNC,,hy0mwEHr6V0,MI3 será utilizado dentro de las evaluaciones a aspirantes a PNC,Ministerio de Gobernación,News & Politics,127595,False
video::iBX5DMQSf3s,video,Conmemoramos el 153 Aniversario de la Escuela Politécnica y Día del cadete.,,iBX5DMQSf3s,Conmemoramos el 153 Aniversario de la Escuela Politécnica y Día del cadete.,Gobierno de la República de Guatemala,Entertainment,1264,False
video::iCbGedZRRE8,video,Conferencia de Prensa del Gobierno de Guatemala. #LaRondaGT,,iCbGedZRRE8,Conferencia de Prensa del Gobierno de Guatemala. #LaRondaGT,Gobierno de la República de Guatemala,Entertainment,1058,False
video::iEmScdnYQdg,video,La nueva ruta que evita El Trébol,,iEmScdnYQdg,La nueva ruta que evita El Trébol,Tráfico Sin Censura,People & Blogs,8502,False
video::iWYddxEszoM,video,#EnVivoDCA | Conferencia de prensa del Gobierno de Guatemala,,iWYddxEszoM,#EnVivoDCA | Conferencia de prensa del Gobierno de Guatemala,Diario de Centro América,News & Politics,264,False
video::iacCQ4VyWWc,video,"Los conservadores y los liberales, Historia de Guatemala",,iacCQ4VyWWc,"Los conservadores y los liberales, Historia de Guatemala",Panda 01,People & Blogs,25431,False
video::ifJFNGT4azU,video,Podcast Guatemala Ahora Yo Se: Medidas De Seguridad Con el Lic. Ariel Yos y el Lic. Gabriel Quiñones,,ifJFNGT4azU,Podcast Guatemala Ahora Yo Se: Medidas De Seguridad Con el Lic. Ariel Yos y el Lic. Gabriel Quiñones,Ahora Yose,People & Blogs,3631,False
video::is3Mk5oC19g,video,Capturan a ladrón que había quedado grabado mientras robaba en una parroquia de Retalhuleu,,is3Mk5oC19g,Capturan a ladrón que había quedado grabado mientras robaba en una parroquia de Retalhuleu,TN23 Guatemala,News & Politics,4616,True
video::j43HgwYFKfk,video,La cooptación de Walter Mazariegos en la USAC,,j43HgwYFKfk,La cooptación de Walter Mazariegos en la USAC,Quorum,News & Politics,10156,True
video::j4akBH678fw,video,El paso a desnivel Calzada Roosevelt lleva más conexión y mejor movilidad para la población.,,j4akBH678fw,El paso a desnivel Calzada Roosevelt lleva más conexión y mejor movilidad para la población.,Gobierno de la República de Guatemala,Entertainment,649,False
video::jQGvhMPMuAI,video,#DiálogoCentral | El clima de la semana: adiós a la canícula ¿llegan las lluvias? 🌦️,,jQGvhMPMuAI,#DiálogoCentral | El clima de la semana: adiós a la canícula ¿llegan las lluvias? 🌦️,Canal Antigua,News & Politics,214,False
video::jSw-nFh94qQ,video,Gobernación promueve espacios de sana convivencia,,jSw-nFh94qQ,Gobernación promueve espacios de sana convivencia,Ministerio de Gobernación,News & Politics,59,False
video::kaZgtwqwLrI,video,@rumzacapait @GobiernodeGuatemala,,kaZgtwqwLrI,@rumzacapait @GobiernodeGuatemala,TRAYECTORIA Y EXITO CON ANABELLA CORDON,People & Blogs,74,False
video::kjwvEESqSHA,video,¿VALE la PENA VIAJAR de GUATEMALA a  XELA en BUS?  Descúbrelo,,kjwvEESqSHA,¿VALE la PENA VIAJAR de GUATEMALA a  XELA en BUS?  Descúbrelo,De todo Gt,People & Blogs,216172,False
video::l-mH80ygqFY,video,Avances en proyectos municipales por el desarrollo y bienestar en la ciudad.,,l-mH80ygqFY,Avances en proyectos municipales por el desarrollo y bienestar en la ciudad.,Municipalidad de Guatemala,News & Politics,256,False
video::lAsODhYGcTE,video,Gobierno busca a toda costa sacar a Consuelo Porras,,lAsODhYGcTE,Gobierno busca a toda costa sacar a Consuelo Porras,Noticias VR,People & Blogs,3,False
video::lNuxq8OKCpc,video,Lluvias convierten calles en ríos en Villa Nueva y San Miguel Petapa,,lNuxq8OKCpc,Lluvias convierten calles en ríos en Villa Nueva y San Miguel Petapa,PrensaLibreOficial,News & Politics,7663,False
video::lYyGqHAL5nM,video,Comuna lanzó nueva imagen de la PM y PMT,,lYyGqHAL5nM,Comuna lanzó nueva imagen de la PM y PMT,Municipalidad de Guatemala,People & Blogs,286,False
video::lj983NWyAQY,video,Plan 2032 Ciudad de Guatemala,,lj983NWyAQY,Plan 2032 Ciudad de Guatemala,Municipalidad de Guatemala,News & Politics,304089,True
video::lkdwGwrJKeM,video,🇬🇹 ¿Es seguro VIAJAR a Guatemala? Consejos prácticos para que todo te salga bien,,lkdwGwrJKeM,🇬🇹 ¿Es seguro VIAJAR a Guatemala? Consejos prácticos para que todo te salga bien,Un Angel Viajando,Travel & Events,5298,False
video::mCoOL2p0il4,video,Municipalidad de Guatemala   08/08/2025,,mCoOL2p0il4,Municipalidad de Guatemala   08/08/2025,Concejales de Oposición - Muni Guate,People & Blogs,118,False
video::mPtR2HskBTE,video,Municipalidad de Guatemala   17/02/2025,,mPtR2HskBTE,Municipalidad de Guatemala   17/02/2025,Concejales de Oposición - Muni Guate,People & Blogs,729,False
video::mQH6bhmp_LY,video,Quorum: ¿Cómo investigamos la crisis del agua?,,mQH6bhmp_LY,Quorum: ¿Cómo investigamos la crisis del agua?,Quorum,News & Politics,142,False
video::n31eyGuRKqo,video,El tráfico en Guatemala nos está enfermando - TanGente Salud Mental,,n31eyGuRKqo,El tráfico en Guatemala nos está enfermando - TanGente Salud Mental,TanGente Podcast,People & Blogs,932,False
video::n4xHxJPNr78,video,🚫LOS FAMOSOS BUSES ESMERALDA los mas RÁPIDOS DE GUATEMALA 😱,,n4xHxJPNr78,🚫LOS FAMOSOS BUSES ESMERALDA los mas RÁPIDOS DE GUATEMALA 😱,De todo Gt,People & Blogs,3152619,False
video::n8iP75gIpmw,video,Qué rico come tu diputado,,n8iP75gIpmw,Qué rico come tu diputado,Quorum,News & Politics,11775,True
video::nKJhNH86HGE,video,Se realiza taller de UNICEF sobre el plan de acción de la política pública contra la violencia sexua,,nKJhNH86HGE,Se realiza taller de UNICEF sobre el plan de acción de la política pública contra la violencia sexua,Ministerio de Gobernación,News & Politics,7,False
video::nPbC8-Ebat4,video,Pareja de sicarios capturada tras ataque armado contra piloto de autobús,,nPbC8-Ebat4,Pareja de sicarios capturada tras ataque armado contra piloto de autobús,PNCdeGuatemala,Science & Technology,70537,False
video::ncOU7iZR5jY,video,Carlos Pineda y Andre Pozuelos | Seguridad II- Guatemala tiene solución | Ep. 3,,ncOU7iZR5jY,Carlos Pineda y Andre Pozuelos | Seguridad II- Guatemala tiene solución | Ep. 3,Carlos Pineda,People & Blogs,3279,False
video::ndAZjHqzzT8,video,Internet: escoger el menos malo,,ndAZjHqzzT8,Internet: escoger el menos malo,Quorum,News & Politics,717,True
video::nhhXiHI4rrw,video,Policía Nacional Civil participa en desfile del día del Ejército. #ProtegerYServir,,nhhXiHI4rrw,Policía Nacional Civil participa en desfile del día del Ejército. #ProtegerYServir,PNCdeGuatemala,News & Politics,21534,False
video::nv6wMdQ997Q,video,PMT en todo,,nv6wMdQ997Q,PMT en todo,Municipalidad de Guatemala,News & Politics,2107,False
video::pNInRBsPbHE,video,Encuentro por el agua,,pNInRBsPbHE,Encuentro por el agua,Quorum,News & Politics,185,False
video::qFsSnnRdJBg,video,Avanza construcción de la Estrategia Nacional de Datos Abiertos,,qFsSnnRdJBg,Avanza construcción de la Estrategia Nacional de Datos Abiertos,Ministerio de Gobernación,News & Politics,11,False
video::qrdEegnTnaY,video,XVII Promoción de Brigadas PROVIAL,,qrdEegnTnaY,XVII Promoción de Brigadas PROVIAL,PROVIAL-CIV,People & Blogs,416,False
video::rNpBtQXUMbE,video,PMT es ejemplo en Guatemala,,rNpBtQXUMbE,PMT es ejemplo en Guatemala,Municipalidad de Guatemala,News & Politics,3212,False
video::rQEb4el3Lok,video,"Policía Nacional Civil en busca de mareros, imitadores y colaboradores de grupos delictivos",,rQEb4el3Lok,"Policía Nacional Civil en busca de mareros, imitadores y colaboradores de grupos delictivos",PNCdeGuatemala,News & Politics,9637,False
video::rSQKmOX1Tfc,video,TU VIDA VALE  PROVIAL  TIEMPO AZUL & PAOLA PÉRLOP,,rSQKmOX1Tfc,TU VIDA VALE  PROVIAL  TIEMPO AZUL & PAOLA PÉRLOP,Mosca Visión,Music,5262,False
video::rjFut_yJcr8,video,Ministro de CIV conversó sobre los retos  actuales de la infraestructura vial en Guatemala,,rjFut_yJcr8,Ministro de CIV conversó sobre los retos  actuales de la infraestructura vial en Guatemala,Canal Antigua,News & Politics,800,False
video::s0eco-BofOs,video,¿Quiénes pagan más en Centroamérica?,,s0eco-BofOs,¿Quiénes pagan más en Centroamérica?,Quorum,News & Politics,220,True
video::sAPrXzrdstM,video,Funciones del Ministerio de Gobernación,,sAPrXzrdstM,Funciones del Ministerio de Gobernación,Ministerio de Gobernación,News & Politics,8970,False
video::soZMwC0Cj18,video,Lluvias causan inundaciones y deslizamiento en Alta Verapaz,,soZMwC0Cj18,Lluvias causan inundaciones y deslizamiento en Alta Verapaz,PrensaLibreOficial,News & Politics,1405,False
video::tEfZlrP4L5I,video,#EnVivoDCA | Conferencia de Prensa del Gobierno de Guatemala,,tEfZlrP4L5I,#EnVivoDCA | Conferencia de Prensa del Gobierno de Guatemala,Diario de Centro América,News & Politics,265,False
video::tK__qZZ-H5w,video,Conferencia de Prensa del Gobierno de Guatemala. #LaRondaGT,,tK__qZZ-H5w,Conferencia de Prensa del Gobierno de Guatemala. #LaRondaGT,Gobierno de la República de Guatemala,Entertainment,866,False
video::tXLhWHWGaao,video,Breve historia política de Guatemala,,tXLhWHWGaao,Breve historia política de Guatemala,Crónica Panamericana,People & Blogs,144134,False
video::tb6LaOWGAIo,video,"Guía Definitiva para viajar a Guatemala 2026 🇬🇹 Qué ver, itinerarios, precios y consejos",,tb6LaOWGAIo,"Guía Definitiva para viajar a Guatemala 2026 🇬🇹 Qué ver, itinerarios, precios y consejos",Welcome to el Mundo,Travel & Events,104869,False
video::tcAQGuuo_Uc,video,El Ministerio de Gobernación Guatemala  brinda conferencia de prensa.,,tcAQGuuo_Uc,El Ministerio de Gobernación Guatemala  brinda conferencia de prensa.,Gobierno de la República de Guatemala,Entertainment,2254,False
video::tg2QuZFdn4c,video,🔴 En Vivo |  Sesión Solemne de Consejo de Gobierno en Limón,,tg2QuZFdn4c,🔴 En Vivo |  Sesión Solemne de Consejo de Gobierno en Limón,Presidencia de la República,News & Politics,15726,False
video::tmvTbeQNCTI,video,"Hoy SABRÁN Qué Grado ACADÉMICO Tenemos, Todos Son PROFESIONALES",,tmvTbeQNCTI,"Hoy SABRÁN Qué Grado ACADÉMICO Tenemos, Todos Son PROFESIONALES",Gente de Guate,Entertainment,15482,False
video::tqcZFVSXARQ,video,¿Listo para decir tengo #MiPrimeraCasa? 🏠✨,,tqcZFVSXARQ,¿Listo para decir tengo #MiPrimeraCasa? 🏠✨,Gobierno de la República de Guatemala,Entertainment,1373,False
video::vA6p51f14J4,video,Horarios especiales por celebraciones de fin de año,,vA6p51f14J4,Horarios especiales por celebraciones de fin de año,Municipalidad de Guatemala,News & Politics,606,False
video::vCtk_0NzB3s,video,Clima en Guatemala esta semana: calor de hasta 39 °C y lluvias con tormentas,,vCtk_0NzB3s,Clima en Guatemala esta semana: calor de hasta 39 °C y lluvias con tormentas,PrensaLibreOficial,News & Politics,1534,False
video::vDVXM8ODuzM,video,#EnVivoDCA | Conferencia de Prensa del Gobierno de Guatemala,,vDVXM8ODuzM,#EnVivoDCA | Conferencia de Prensa del Gobierno de Guatemala,Diario de Centro América,News & Politics,214,False
video::vNUiF-stTdo,video,resumen de noticias,,vNUiF-stTdo,resumen de noticias,INFOM TV,News & Politics,23,False
video::vp9MPfDG6AE,video,"Comunicado – COVIAL / Ministerio de Comunicaciones, Infraestructura y Vivienda",,vp9MPfDG6AE,"Comunicado – COVIAL / Ministerio de Comunicaciones, Infraestructura y Vivienda",Noti7,News & Politics,260,False
video::vqcF9RFMOLQ,video,"Ciudad de Guatemala, el mejor lugar para vivir",,vqcF9RFMOLQ,"Ciudad de Guatemala, el mejor lugar para vivir",Municipalidad de Guatemala,News & Politics,215,False
video::w57G_5jsqtU,video,Tráfico intenso por regreso a clases del sector público extiende horas pico en el área metropolitana,,w57G_5jsqtU,Tráfico intenso por regreso a clases del sector público extiende horas pico en el área metropolitana,PrensaLibreOficial,News & Politics,625,False
video::wS6yC3yOAeA,video,Noticiero El Informativo. Nuestra semana de resultados.,,wS6yC3yOAeA,Noticiero El Informativo. Nuestra semana de resultados.,Gobierno de la República de Guatemala,Entertainment,1383,False
video::wVncmfsugww,video,"Spot Rendición de Cuentas, tercer cuatrimestre 2023 - 1",,wVncmfsugww,"Spot Rendición de Cuentas, tercer cuatrimestre 2023 - 1",CIV -Ministerio de Comunicaciones,People & Blogs,15,False
video::wYZPaJdVuhE,video,#LaCharla ¿Quién dirigirá el sistema portuario y qué decisiones debe tomar primero?,,wYZPaJdVuhE,#LaCharla ¿Quién dirigirá el sistema portuario y qué decisiones debe tomar primero?,Guatevisión,News & Politics,202,False
video::wm1f52Mvzag,video,Gloria Álvarez: ¿Podría ser la próxima presidenta de Guatemala?,,wm1f52Mvzag,Gloria Álvarez: ¿Podría ser la próxima presidenta de Guatemala?,Jorge Ramos,News & Politics,31357,False
video::wpYwX-bGoz0,video,CIV prioriza proyectos con potencial para generar desarrollo en Guatemala,,wpYwX-bGoz0,CIV prioriza proyectos con potencial para generar desarrollo en Guatemala,CIV -Ministerio de Comunicaciones,People & Blogs,468,False
video::x9TPnjUeuoo,video,VIDEO INSTITUCIONAL PROVIAL,,x9TPnjUeuoo,VIDEO INSTITUCIONAL PROVIAL,CIV -Ministerio de Comunicaciones,People & Blogs,2250,False
video::xEcC_aMDhAk,video,MINGOB y COPADEH avanzan en la protección de personas defensoras de DDHH,,xEcC_aMDhAk,MINGOB y COPADEH avanzan en la protección de personas defensoras de DDHH,Ministerio de Gobernación,News & Politics,17,False
video::xQgP0n8hVSI,video,"Primero te usan, y cuando ya no les sirves te desechan.",,xQgP0n8hVSI,"Primero te usan, y cuando ya no les sirves te desechan.",Ministerio de Gobernación,News & Politics,28,False
video::x_CB0ZRLQTA,video,Ricardo Quiñónez paga con nuestros impuestos netcenter,,x_CB0ZRLQTA,Ricardo Quiñónez paga con nuestros impuestos netcenter,AlcaldexAccidente,People & Blogs,29419,False
video::y8XMbMxMF8E,video,"Gracias a la inteligencia, coordinación y firmeza, se dió un duro golpe al crimen organizado",,y8XMbMxMF8E,"Gracias a la inteligencia, coordinación y firmeza, se dió un duro golpe al crimen organizado",Ministerio de Gobernación,News & Politics,84,False
video::yCmBtmOm6nw,video,“¿DÓNDE ESTÁN?”: GOBIERNO IMPULSA MECANISMO PARA BUSCAR A DESAPARECIDOS DEL CONFLICTO ARMADO,,yCmBtmOm6nw,“¿DÓNDE ESTÁN?”: GOBIERNO IMPULSA MECANISMO PARA BUSCAR A DESAPARECIDOS DEL CONFLICTO ARMADO,IDocumenta,News & Politics,6,False
video::yLZS3JiEBg8,video,Arroz con pollo a la MONOPOLIO,,yLZS3JiEBg8,Arroz con pollo a la MONOPOLIO,Quorum,News & Politics,1954,True
video::zfJlUXRSaCU,video,Brief Political History of Guatemala,,zfJlUXRSaCU,Brief Political History of Guatemala,Crónica Panamericana,People & Blogs,53547,False
video::zweosulrwA8,video,Edén por Salud: empleo inclusivo para personas con discapacidad en Antigua | Super - Episodio 2,,zweosulrwA8,Edén por Salud: empleo inclusivo para personas con discapacidad en Antigua | Super - Episodio 2,Quorum,Nonprofits & Activism,52,True
video::zyA0BpEYcQU,video,Discusión entre conductor y jefe de la PMT,,zyA0BpEYcQU,Discusión entre conductor y jefe de la PMT,Nuestro Mundo,People & Blogs,55349,False
